city_index,city_name,city_country,city_lat,city_lon,population_2025_1000s,coast_distance_km,location,lat,lon,low,central,high,high-end
5,Tiranë (Tirana),Albania,41.33,19.82,536,26,1004900200,41.0,20.0,0.28,0.53,0.92,1.81
6,Annaba,Algeria,36.9,7.77,379,1,1005300080,37.0,8.0,0.31,0.56,0.96,1.88
8,Blida,Algeria,36.48,2.83,536,22,1005400030,36.0,3.0,0.32,0.56,0.96,1.87
9,El Djazaïr  (Algiers),Algeria,36.75,3.04,3004,3,1005300030,37.0,3.0,0.32,0.56,0.96,1.88
11,Qacentina,Algeria,36.35,6.61,427,65,1005400070,36.0,7.0,0.31,0.56,0.96,1.87
12,Sétif,Algeria,36.19,5.41,345,50,1005400050,36.0,5.0,0.32,0.56,0.96,1.87
13,Wahran (Oran),Algeria,35.69,-0.64,966,3,1005403590,36.0,-1.0,0.33,0.57,0.96,1.89
14,Benguela,Angola,-12.58,13.4,878,1,1010300130,-13.0,13.0,0.37,0.62,1.07,2.15
15,Cabinda,Angola,-5.55,12.2,991,1,1009600120,-6.0,12.0,0.37,0.62,1.08,2.15
18,Lobito,Angola,-12.36,13.54,506,2,1010200140,-12.0,14.0,0.37,0.62,1.06,2.13
19,Luanda,Angola,-8.84,13.23,10028,2,1009900130,-9.0,13.0,0.37,0.62,1.07,2.15
23,Bahia Blanca,Argentina,-38.72,-62.27,327,8,1012902980,-39.0,-62.0,0.29,0.5,0.85,1.78
24,Buenos Aires,Argentina,-34.61,-58.4,15752,3,1012503020,-35.0,-58.0,0.29,0.52,0.89,1.85
27,La Plata,Argentina,-34.92,-57.95,933,9,1012503020,-35.0,-58.0,0.29,0.52,0.89,1.85
28,Mar Del Plata,Argentina,-38.0,-57.56,698,2,1012803020,-38.0,-58.0,0.29,0.51,0.89,1.85
41,Adelaide,Australia,-34.93,138.6,1393,9,1012501390,-35.0,139.0,0.32,0.53,0.88,1.87
42,Brisbane,Australia,-27.47,153.03,2568,7,1011701530,-27.0,153.0,0.34,0.58,1.0,2.05
43,Canberra,Australia,-35.28,149.13,483,104,1012501490,-35.0,149.0,0.33,0.59,1.03,2.01
44,Central Coast,Australia,-33.42,151.4,347,3,1012301510,-33.0,151.0,0.34,0.59,1.03,2.04
45,Gold Coast-Tweed Head,Australia,-28.0,153.43,753,1,1011801530,-28.0,153.0,0.34,0.58,1.0,2.05
46,Melbourne,Australia,-37.81,144.96,5392,4,1012801450,-38.0,145.0,0.31,0.53,0.88,1.87
47,Newcastle-Maitland,Australia,-32.92,151.74,470,2,1012301520,-33.0,152.0,0.34,0.59,1.04,2.06
48,Perth,Australia,-31.95,115.85,2169,2,1012201160,-32.0,116.0,0.32,0.56,0.94,1.98
49,Sunshine Coast,Australia,-26.66,153.1,376,1,1011701530,-27.0,153.0,0.34,0.58,1.0,2.05
50,Sydney,Australia,-33.87,151.21,5249,1,1012401510,-34.0,151.0,0.33,0.59,1.03,2.04
51,Wollongong,Australia,-34.42,150.89,319,1,1012401510,-34.0,151.0,0.33,0.59,1.03,2.04
56,Al-Manamah (Manama),Bahrain,26.22,50.58,743,1,1006400510,26.0,51.0,0.28,0.51,0.97,1.94
57,Barisal,Bangladesh,22.7,90.37,565,20,1006700900,23.0,90.0,0.28,0.51,0.92,1.94
59,Chittagong,Bangladesh,22.33,91.84,5653,6,1006800920,22.0,92.0,0.29,0.52,0.93,1.97
60,Comilla,Bangladesh,23.46,91.2,691,77,1006700910,23.0,91.0,0.29,0.51,0.92,1.94
61,Dhaka,Bangladesh,23.71,90.41,24653,109,1006600900,24.0,90.0,0.28,0.5,0.91,1.92
62,Khulna,Bangladesh,22.81,89.56,980,58,1006700900,23.0,90.0,0.28,0.51,0.92,1.94
66,Rupganj,Bangladesh,23.79,90.52,662,115,1006600910,24.0,91.0,0.28,0.51,0.91,1.92
74,Antwerpen,Belgium,51.22,4.4,1065,18,1003900040,51.0,4.0,0.29,0.57,1.0,1.83
75,Bruxelles-Brussel,Belgium,50.85,4.35,2142,57,1003900040,51.0,4.0,0.29,0.57,1.0,1.83
76,Charleroi,Belgium,50.41,4.44,419,106,1004000040,50.0,4.0,0.29,0.58,1.0,1.83
77,Gent,Belgium,51.05,3.72,479,32,1003900040,51.0,4.0,0.29,0.57,1.0,1.83
79,Abomey-Calavi,Benin,6.45,2.36,1375,12,1008400020,6.0,2.0,0.37,0.61,1.02,2.06
80,Cotonou,Benin,6.37,2.42,758,2,1008400020,6.0,2.0,0.37,0.61,1.02,2.06
87,Sarajevo,Bosnia and Herzegovina,43.85,18.36,348,114,1004600180,44.0,18.0,0.26,0.5,0.89,1.76
89,Aracaju,Brazil,-10.91,-37.07,1082,3,1010103230,-11.0,-37.0,0.35,0.6,0.98,2.07
90,Baixada Santista,Brazil,-23.96,-46.33,1982,1,1011403140,-24.0,-46.0,0.33,0.57,0.96,2.01
92,Belém,Brazil,-1.46,-48.48,2454,1,1009103120,-1.0,-48.0,0.38,0.62,1.01,2.06
94,Blumenau,Brazil,-26.92,-49.07,368,38,1011703110,-27.0,-49.0,0.32,0.56,0.95,1.97
97,Campina Grande,Brazil,-7.23,-35.88,414,108,1009703240,-7.0,-36.0,0.37,0.61,0.99,2.08
100,Campos dos Goytacazes,Brazil,-21.77,-41.32,466,31,1011203190,-22.0,-41.0,0.34,0.58,0.98,2.05
101,Caruaru,Brazil,-8.28,-35.98,351,103,1009803240,-8.0,-36.0,0.36,0.6,0.99,2.07
103,Caxias Do Sul,Brazil,-29.17,-51.18,509,93,1011903090,-29.0,-51.0,0.32,0.56,0.94,1.95
105,Curitiba,Brazil,-25.43,-49.27,3889,53,1011503110,-25.0,-49.0,0.32,0.56,0.95,1.96
106,Feira De Santana,Brazil,-12.27,-38.97,637,46,1010203210,-12.0,-39.0,0.35,0.59,0.97,2.03
107,Florianópolis,Brazil,-27.6,-48.55,1324,1,1011803110,-28.0,-49.0,0.32,0.56,0.96,1.98
108,Fortaleza,Brazil,-3.74,-38.54,4284,3,1009403210,-4.0,-39.0,0.37,0.62,1.0,2.08
111,Grande São Luís,Brazil,-2.54,-44.28,1548,1,1009303160,-3.0,-44.0,0.37,0.61,1.0,2.06
112,Grande Vitória,Brazil,-20.31,-40.31,2221,1,1011003200,-20.0,-40.0,0.34,0.58,0.97,2.05
113,João Pessoa,Brazil,-7.12,-34.86,1448,3,1009703250,-7.0,-35.0,0.37,0.61,1.0,2.1
114,Joinville,Brazil,-26.3,-48.85,1375,4,1011603110,-26.0,-49.0,0.32,0.56,0.95,1.97
116,Juiz De Fora,Brazil,-21.76,-43.35,601,105,1011203170,-22.0,-43.0,0.33,0.57,0.97,2.01
117,Jundiaí,Brazil,-23.19,-46.89,721,94,1011303130,-23.0,-47.0,0.32,0.56,0.95,1.98
119,Macapá,Brazil,0.04,-51.07,526,2,1009003090,0.0,-51.0,0.37,0.62,1.0,2.04
120,Maceió,Brazil,-9.67,-35.74,1388,1,1010003240,-10.0,-36.0,0.36,0.6,0.99,2.08
124,Natal,Brazil,-5.8,-35.21,1575,1,1009603250,-6.0,-35.0,0.37,0.62,1.01,2.11
125,Pelotas,Brazil,-31.77,-52.34,336,7,1012203080,-32.0,-52.0,0.31,0.55,0.94,1.95
129,Pôrto Alegre,Brazil,-30.03,-51.23,4269,1,1012003090,-30.0,-51.0,0.32,0.56,0.95,1.95
131,Recife,Brazil,-8.05,-34.88,4344,1,1009803250,-8.0,-35.0,0.37,0.61,1.0,2.1
134,Rio de Janeiro,Brazil,-22.9,-43.21,13923,1,1011303170,-23.0,-43.0,0.34,0.58,0.98,2.04
135,Salvador,Brazil,-12.97,-38.51,4030,2,1010303210,-13.0,-39.0,0.35,0.59,0.97,2.04
137,São José dos Campos,Brazil,-23.18,-45.89,764,64,1011303140,-23.0,-46.0,0.32,0.56,0.96,1.99
138,São Paulo,Brazil,-23.55,-46.64,22990,47,1011403130,-24.0,-47.0,0.32,0.56,0.95,1.99
139,Sorocaba,Brazil,-23.5,-47.46,829,100,1011403130,-24.0,-47.0,0.32,0.56,0.95,1.99
140,Taubaté,Brazil,-23.03,-45.56,328,65,1011303140,-23.0,-46.0,0.32,0.56,0.96,1.99
146,Volta Redonda,Brazil,-22.52,-44.1,454,47,1011303160,-23.0,-44.0,0.33,0.57,0.97,2.02
149,Varna,Bulgaria,43.22,27.92,334,3,1004700280,43.0,28.0,0.19,0.45,0.92,1.78
156,Douala,Cameroon,4.05,9.7,4346,1,1008600100,4.0,10.0,0.36,0.6,1.02,2.03
158,Loum,Cameroon,4.72,9.74,623,66,1008500100,5.0,10.0,0.36,0.6,1.01,2.02
163,Halifax,Canada,44.65,-63.58,426,0,1004502960,45.0,-64.0,0.35,0.66,1.13,2.06
174,Vancouver,Canada,49.25,-123.12,2708,3,1004102370,49.0,-123.0,0.25,0.45,0.78,1.82
175,Victoria,Canada,48.43,-123.37,405,2,1004202370,48.0,-123.0,0.28,0.48,0.82,1.86
180,Antofagasta,Chile,-23.65,-70.4,466,2,1011402900,-24.0,-70.0,0.33,0.55,0.91,1.92
181,Concepción,Chile,-36.83,-73.05,929,4,1012702870,-37.0,-73.0,0.31,0.5,0.83,1.78
182,La Serena-Coquimbo,Chile,-29.9,-71.25,525,3,1012002890,-30.0,-71.0,0.32,0.53,0.88,1.88
183,Santiago,Chile,-33.46,-70.65,6999,91,1012302890,-33.0,-71.0,0.32,0.52,0.86,1.83
184,Temuco,Chile,-38.73,-72.6,359,67,1012902870,-39.0,-73.0,0.3,0.49,0.8,1.73
185,Valparaíso,Chile,-33.04,-71.63,1024,2,1012302880,-33.0,-72.0,0.32,0.53,0.87,1.86
191,Anqiu,China,36.43,119.19,848,77,1005401190,36.0,119.0,0.29,0.53,0.98,2.03
192,Anshan,China,41.12,122.99,1738,77,1004901230,41.0,123.0,0.31,0.56,1.0,2.04
203,Beihai,China,21.48,109.12,515,2,1006901090,21.0,109.0,0.33,0.58,0.98,2.06
208,Binzhou,China,37.38,118.01,1264,79,1005301180,37.0,118.0,0.26,0.51,0.96,1.99
209,Botou,China,38.07,116.57,463,104,1005201170,38.0,117.0,0.25,0.5,0.95,1.98
211,Cangzhou,China,38.32,116.87,605,69,1005201170,38.0,117.0,0.25,0.5,0.95,1.98
219,Changshu,China,31.65,120.75,1124,16,1005801210,32.0,121.0,0.33,0.58,1.02,2.1
220,Changyi,China,36.85,119.39,581,31,1005301190,37.0,119.0,0.28,0.53,0.98,2.02
222,"Changzhou, Jiangsu",China,31.79,119.96,4180,20,1005801200,32.0,120.0,0.33,0.57,1.02,2.08
224,Chaoyang,China,41.58,120.45,582,94,1004801200,42.0,120.0,0.3,0.54,0.99,2.01
225,Chaozhou,China,23.67,116.64,1545,20,1006601170,24.0,117.0,0.33,0.59,0.99,2.07
234,Cixi,China,30.18,121.25,1886,16,1006001210,30.0,121.0,0.34,0.58,1.02,2.1
236,Dalian,China,38.91,121.6,6347,2,1005101220,39.0,122.0,0.32,0.56,1.02,2.08
237,Dandong,China,40.12,124.37,947,14,1005001240,40.0,124.0,0.32,0.56,1.01,2.07
238,Danyang,China,32.0,119.57,829,46,1005801200,32.0,120.0,0.33,0.57,1.02,2.08
239,Danzhou,China,19.52,109.58,476,34,1007001100,20.0,110.0,0.33,0.58,0.98,2.06
241,Dashiqiao,China,40.64,122.5,403,21,1004901230,41.0,123.0,0.31,0.56,1.0,2.04
250,Donggang,China,39.88,124.15,413,2,1005001240,40.0,124.0,0.32,0.56,1.01,2.07
251,Dongguan,China,23.02,113.74,7773,13,1006701140,23.0,114.0,0.33,0.58,0.98,2.05
252,Dongtai,China,32.85,120.31,773,49,1005701200,33.0,120.0,0.33,0.57,1.02,2.08
253,Dongyang,China,29.28,120.23,627,101,1006101200,29.0,120.0,0.33,0.58,1.01,2.09
254,Dongying,China,37.45,118.58,1440,31,1005301190,37.0,119.0,0.28,0.53,0.98,2.02
257,Enping,China,22.19,112.3,457,22,1006801120,22.0,112.0,0.33,0.58,0.98,2.05
261,Fangchenggang,China,21.77,108.35,491,6,1006801080,22.0,108.0,0.33,0.57,0.96,2.01
264,Foshan,China,23.02,113.12,7817,27,1006701130,23.0,113.0,0.33,0.58,0.97,2.04
265,Fuan,China,27.09,119.65,527,22,1006301200,27.0,120.0,0.34,0.59,1.02,2.11
267,Fuqing,China,25.72,119.38,648,7,1006401190,26.0,119.0,0.34,0.59,1.01,2.09
269,Fuxin,China,42.02,121.66,904,109,1004801220,42.0,122.0,0.3,0.55,0.99,2.02
271,"Fuzhou, Fujian",China,26.08,119.3,4072,21,1006401190,26.0,119.0,0.34,0.59,1.01,2.09
275,Gaomi,China,36.38,119.75,842,39,1005401200,36.0,120.0,0.31,0.55,1.0,2.06
277,Gaoyou,China,32.78,119.45,592,107,1005701190,33.0,119.0,0.33,0.57,1.01,2.07
278,Gaozhou,China,21.92,110.85,640,46,1006801110,22.0,111.0,0.33,0.58,0.97,2.04
283,"Guangzhou, Guangdong",China,23.13,113.26,14879,12,1006701130,23.0,113.0,0.33,0.58,0.97,2.04
289,Haicheng,China,40.86,122.74,848,44,1004901230,41.0,123.0,0.31,0.56,1.0,2.04
290,Haikou,China,20.03,110.33,2095,3,1007001100,20.0,110.0,0.33,0.58,0.98,2.06
292,Haimen,China,31.9,121.17,715,5,1005801210,32.0,121.0,0.33,0.58,1.02,2.1
293,Haining,China,30.53,120.69,596,14,1005901210,31.0,121.0,0.33,0.58,1.02,2.1
294,Haiyang,China,36.78,121.17,372,8,1005301210,37.0,121.0,0.31,0.56,1.01,2.07
298,Hangzhou,China,30.29,120.16,8591,7,1006001200,30.0,120.0,0.33,0.57,1.01,2.08
307,Heshan,China,22.77,112.96,448,28,1006701130,23.0,113.0,0.33,0.58,0.97,2.04
308,Heyuan,China,23.75,114.7,570,102,1006601150,24.0,115.0,0.33,0.58,0.98,2.05
312,Huai'an,China,33.61,119.01,3152,116,1005601190,34.0,119.0,0.32,0.56,1.01,2.06
318,Huazhou,China,21.66,110.64,403,32,1006801110,22.0,111.0,0.33,0.58,0.97,2.04
320,Huizhou,China,23.08,114.4,2891,41,1006701140,23.0,114.0,0.33,0.58,0.98,2.05
321,Huludao,China,40.75,120.84,851,7,1004901210,41.0,121.0,0.3,0.54,0.99,2.03
322,Huzhou,China,30.87,120.09,1114,61,1005901200,31.0,120.0,0.33,0.57,1.01,2.08
325,Jiangmen,China,22.58,113.08,1827,12,1006701130,23.0,113.0,0.33,0.58,0.97,2.04
326,Jiangyin,China,31.92,120.28,983,3,1005801200,32.0,120.0,0.33,0.57,1.02,2.08
328,Jiaozhou,China,36.28,120.0,627,14,1005401200,36.0,120.0,0.31,0.55,1.0,2.06
330,Jiaxing,China,30.77,120.75,1511,34,1005901210,31.0,121.0,0.33,0.58,1.02,2.1
332,Jieyang,China,23.55,116.37,1355,15,1006601160,24.0,116.0,0.33,0.58,0.98,2.06
337,Jingjiang,China,32.01,120.26,673,5,1005801200,32.0,120.0,0.33,0.57,1.02,2.08
342,Jinjiang,China,24.81,118.58,554,4,1006501190,25.0,119.0,0.34,0.59,1.0,2.11
344,Jinzhou,China,41.11,121.14,1261,19,1004901210,41.0,121.0,0.3,0.54,0.99,2.03
349,Jurong,China,31.95,119.16,503,85,1005801190,32.0,119.0,0.33,0.57,1.01,2.07
352,Kaiping,China,22.37,112.7,426,28,1006801130,22.0,113.0,0.33,0.58,0.98,2.06
356,Kunshan ,China,31.39,120.96,874,35,1005901210,31.0,121.0,0.33,0.58,1.02,2.1
359,Laixi,China,36.87,120.52,585,35,1005301210,37.0,121.0,0.31,0.56,1.01,2.07
360,Laiyang,China,36.98,120.71,413,38,1005301210,37.0,121.0,0.31,0.56,1.01,2.07
361,Laizhou,China,37.18,119.94,416,8,1005301200,37.0,120.0,0.3,0.54,1.0,2.05
362,Langfang,China,39.51,116.69,846,99,1005001170,40.0,117.0,0.26,0.51,0.96,1.97
368,Lianyungang,China,34.6,119.18,2081,10,1005501190,35.0,119.0,0.31,0.55,1.0,2.05
370,Liaoyang,China,41.27,123.17,932,99,1004901230,41.0,123.0,0.31,0.56,1.0,2.04
374,Linhai,China,28.85,121.14,814,26,1006101210,29.0,121.0,0.34,0.58,1.02,2.11
376,"Linyi, Shandong",China,35.05,118.33,2161,79,1005501180,35.0,118.0,0.31,0.55,0.99,2.03
378,"Lishui, Zhejiang",China,28.46,119.92,487,76,1006201200,28.0,120.0,0.34,0.58,1.02,2.1
383,Liyang,China,31.42,119.48,503,80,1005901190,31.0,119.0,0.33,0.57,1.01,2.07
385,Longhai,China,24.45,117.81,736,1,1006601180,24.0,118.0,0.34,0.59,1.0,2.1
386,Longkou,China,37.64,120.52,589,12,1005201210,38.0,121.0,0.31,0.56,1.01,2.08
387,Longyan,China,25.11,117.02,753,101,1006501170,25.0,117.0,0.33,0.58,0.98,2.06
389,Luoding,China,22.77,111.57,408,109,1006701120,23.0,112.0,0.32,0.58,0.97,2.03
397,Maoming,China,21.66,110.92,1362,18,1006801110,22.0,111.0,0.33,0.58,0.97,2.04
399,Meizhou,China,24.3,116.12,429,100,1006601160,24.0,116.0,0.33,0.58,0.98,2.06
405,"Nanjing, Jiangsu",China,32.05,118.79,10175,120,1005801190,32.0,119.0,0.33,0.57,1.01,2.07
407,Nanning,China,22.82,108.32,4384,102,1006701080,23.0,108.0,0.32,0.57,0.95,2.0
409,Nantong,China,31.99,120.87,2614,2,1005801210,32.0,121.0,0.33,0.58,1.02,2.1
412,Ningbo,China,29.88,121.55,4770,17,1006001220,30.0,122.0,0.34,0.59,1.03,2.13
413,Ningde,China,26.66,119.52,377,2,1006301200,27.0,120.0,0.34,0.59,1.02,2.11
415,Panjin,China,41.12,122.07,1164,18,1004901220,41.0,122.0,0.31,0.55,1.0,2.04
418,Pingdu,China,36.78,119.96,580,44,1005301200,37.0,120.0,0.3,0.54,1.0,2.05
419,Pinghu,China,30.7,121.01,519,13,1005901210,31.0,121.0,0.33,0.58,1.02,2.1
423,Puning,China,23.3,116.16,1309,33,1006701160,23.0,116.0,0.33,0.59,0.99,2.08
424,Putian,China,25.44,119.01,2315,8,1006501190,25.0,119.0,0.34,0.59,1.0,2.11
427,Qidong,China,31.81,121.66,415,9,1005801220,32.0,122.0,0.34,0.58,1.03,2.13
428,Qingdao,China,36.1,120.37,6218,3,1005401200,36.0,120.0,0.31,0.55,1.0,2.06
429,Qingyuan,China,23.71,113.03,791,75,1006601130,24.0,113.0,0.33,0.58,0.97,2.03
430,Qingzhou,China,36.68,118.48,591,78,1005301180,37.0,118.0,0.26,0.51,0.96,1.99
431,Qinhuangdao,China,39.93,119.59,1763,2,1005001200,40.0,120.0,0.3,0.54,1.0,2.04
432,Qinzhou,China,21.97,108.62,726,9,1006801090,22.0,109.0,0.33,0.57,0.97,2.03
435,Quanzhou,China,24.9,118.6,1967,2,1006501190,25.0,119.0,0.34,0.59,1.0,2.11
440,Rizhao,China,35.4,119.51,1459,4,1005501200,35.0,120.0,0.32,0.56,1.02,2.08
441,Rongcheng,China,37.15,122.44,439,2,1005301220,37.0,122.0,0.32,0.57,1.02,2.1
442,Rugao,China,32.4,120.56,351,33,1005801210,32.0,121.0,0.33,0.58,1.02,2.1
443,Ruian,China,27.78,120.68,1345,5,1006201210,28.0,121.0,0.34,0.59,1.03,2.13
444,Rushan,China,36.92,121.53,355,8,1005301220,37.0,122.0,0.32,0.57,1.02,2.1
445,Sanhe,China,39.98,117.07,697,112,1005001170,40.0,117.0,0.26,0.51,0.96,1.97
448,Sanya,China,18.27,109.5,713,2,1007201100,18.0,110.0,0.33,0.58,0.98,2.08
449,Shanghai,China,31.22,121.46,30482,16,1005901210,31.0,121.0,0.33,0.58,1.02,2.1
452,Shangyu,China,30.03,120.87,574,11,1006001210,30.0,121.0,0.34,0.58,1.02,2.1
453,Shantou,China,23.37,116.71,4738,2,1006701170,23.0,117.0,0.34,0.6,1.0,2.1
454,Shanwei,China,22.78,115.36,467,0,1006701150,23.0,115.0,0.33,0.59,0.98,2.07
456,Shaoxing,China,30.01,120.57,2951,14,1006001210,30.0,121.0,0.34,0.58,1.02,2.1
458,Shengzhou,China,29.59,120.82,436,55,1006001210,30.0,121.0,0.34,0.58,1.02,2.1
461,Shenzhen,China,22.54,114.06,13545,4,1006701140,23.0,114.0,0.33,0.58,0.98,2.05
464,Shishi,China,24.74,118.63,649,4,1006501190,25.0,119.0,0.34,0.59,1.0,2.11
467,Shouguang,China,36.88,118.75,589,46,1005301190,37.0,119.0,0.28,0.53,0.98,2.02
470,Sihui,China,23.35,112.7,710,74,1006701130,23.0,113.0,0.33,0.58,0.97,2.04
472,Songyuan,China,27.62,119.06,551,100,1006201190,28.0,119.0,0.33,0.58,1.01,2.08
477,Suqian,China,33.97,118.29,1780,115,1005601180,34.0,118.0,0.32,0.56,1.0,2.05
479,"Suzhou, Jiangsu",China,31.3,120.59,8593,58,1005901210,31.0,121.0,0.33,0.58,1.02,2.1
481,Taicang,China,31.45,121.12,765,18,1005901210,31.0,121.0,0.33,0.58,1.02,2.1
482,Taishan,China,22.25,112.79,593,27,1006801130,22.0,113.0,0.33,0.58,0.98,2.06
483,Taixing,China,32.17,120.01,848,23,1005801200,32.0,120.0,0.33,0.57,1.02,2.08
485,"Taizhou, Jiangsu",China,32.49,119.9,1507,60,1005801200,32.0,120.0,0.33,0.57,1.02,2.08
486,"Taizhou, Zhejiang",China,28.64,121.42,2199,6,1006101210,29.0,121.0,0.34,0.58,1.02,2.11
487,"Tangshan, Hebei",China,39.63,118.18,4024,48,1005001180,40.0,118.0,0.26,0.51,0.96,1.98
489,Tianjin,China,39.11,117.19,14704,46,1005101170,39.0,117.0,0.25,0.5,0.95,1.97
498,Tongxiang,China,30.63,120.55,745,25,1005901210,31.0,121.0,0.33,0.58,1.02,2.1
500,Wafangdian ,China,39.63,121.99,494,25,1005001220,40.0,122.0,0.31,0.55,1.01,2.06
501,Wanning,China,18.8,110.38,435,6,1007101100,19.0,110.0,0.33,0.58,0.97,2.06
502,Weifang,China,36.71,119.1,3064,49,1005301190,37.0,119.0,0.28,0.53,0.98,2.02
503,Weihai,China,37.5,122.11,1499,2,1005201220,38.0,122.0,0.32,0.57,1.02,2.09
505,Wenchang,China,19.61,110.75,409,5,1007001110,20.0,111.0,0.33,0.59,0.98,2.08
506,Wenling,China,28.38,121.38,1185,8,1006201210,28.0,121.0,0.34,0.59,1.03,2.13
507,Wenzhou,China,28.0,120.67,4093,2,1006201210,28.0,121.0,0.34,0.59,1.03,2.13
508,Wuchuan ,China,21.43,110.78,369,3,1006901110,21.0,111.0,0.33,0.59,0.98,2.07
514,"Wuxi, Jiangsu",China,31.54,120.3,3559,43,1005801200,32.0,120.0,0.33,0.57,1.02,2.08
516,Xiamen,China,24.48,118.08,4078,1,1006601180,24.0,118.0,0.34,0.59,1.0,2.1
524,Xinghua,China,32.94,119.84,902,84,1005701200,33.0,120.0,0.33,0.57,1.02,2.08
525,Xingning,China,24.15,115.73,597,107,1006601160,24.0,116.0,0.33,0.58,0.98,2.06
535,Xinyi,China,34.37,118.34,640,85,1005601180,34.0,118.0,0.32,0.56,1.0,2.05
536,Xinyi,China,22.36,110.94,441,92,1006801110,22.0,111.0,0.33,0.58,0.97,2.04
547,"Yancheng, Jiangsu",China,33.36,120.16,2073,41,1005701200,33.0,120.0,0.33,0.57,1.02,2.08
548,Yangchun,China,22.17,111.79,324,42,1006801120,22.0,112.0,0.33,0.58,0.98,2.05
549,Yangjiang,China,21.86,111.96,996,5,1006801120,22.0,112.0,0.33,0.58,0.98,2.05
551,Yangzhou,China,32.39,119.42,2217,76,1005801190,32.0,119.0,0.33,0.57,1.01,2.07
552,Yanji,China,42.91,129.51,793,97,1004701300,43.0,130.0,0.33,0.56,1.01,2.07
554,Yantai,China,37.47,121.44,2898,3,1005301210,37.0,121.0,0.31,0.56,1.01,2.07
560,Yingde,China,24.2,113.41,478,120,1006601130,24.0,113.0,0.33,0.58,0.97,2.03
561,Yingkou,China,40.66,122.23,1385,2,1004901220,41.0,122.0,0.31,0.55,1.0,2.04
563,Yiwu,China,29.32,120.08,1564,98,1006101200,29.0,120.0,0.33,0.58,1.01,2.09
564,Yixing,China,31.36,119.78,479,70,1005901200,31.0,120.0,0.33,0.57,1.01,2.08
567,Yongkang,China,28.9,120.03,603,104,1006101200,29.0,120.0,0.33,0.58,1.01,2.09
570,Yueqing,China,28.12,120.96,1230,4,1006201210,28.0,121.0,0.34,0.59,1.03,2.13
572,Yuhuan,China,28.14,121.23,517,2,1006201210,28.0,121.0,0.34,0.59,1.03,2.13
573,"Yulin, Guangxi",China,22.63,110.15,661,112,1006701100,23.0,110.0,0.32,0.57,0.97,2.02
576,Yunfu,China,22.93,112.04,395,102,1006701120,23.0,112.0,0.32,0.58,0.97,2.03
579,Yuyao,China,30.04,121.15,759,23,1006001210,30.0,121.0,0.34,0.58,1.02,2.1
582,Zhangjiagang,China,31.86,120.54,775,15,1005801210,32.0,121.0,0.33,0.58,1.02,2.1
586,Zhangzhou,China,24.51,117.66,1002,13,1006501180,25.0,118.0,0.33,0.59,0.99,2.08
587,Zhanjiang,China,21.27,110.36,1425,2,1006901100,21.0,110.0,0.33,0.58,0.98,2.05
589,Zhaoqing,China,23.05,112.46,1150,76,1006701120,23.0,112.0,0.32,0.58,0.97,2.03
591,Zhaoyuan,China,37.36,120.4,385,24,1005301200,37.0,120.0,0.3,0.54,1.0,2.05
593,"Zhenjiang, Jiangsu",China,32.2,119.45,1299,63,1005801190,32.0,119.0,0.33,0.57,1.01,2.07
594,Zhongshan,China,22.52,113.38,3094,13,1006701130,23.0,113.0,0.33,0.58,0.97,2.04
597,Zhoushan,China,29.99,122.21,710,2,1006001220,30.0,122.0,0.34,0.59,1.03,2.13
598,Zhuanghe,China,39.71,122.97,547,4,1005001230,40.0,123.0,0.32,0.56,1.01,2.06
599,Zhucheng,China,35.99,119.4,1045,47,1005401190,36.0,119.0,0.29,0.53,0.98,2.03
600,Zhuhai,China,22.28,113.57,1969,1,1006801140,22.0,114.0,0.33,0.59,0.99,2.08
601,Zhuji,China,29.71,120.24,869,54,1006001200,30.0,120.0,0.33,0.57,1.01,2.08
605,Zibo,China,36.79,118.06,2876,98,1005301180,37.0,118.0,0.26,0.51,0.96,1.99
610,Hong Kong,"China, Hong Kong SAR",22.28,114.19,7769,1,1006801140,22.0,114.0,0.33,0.59,0.99,2.08
611,Macao,"China, Macao SAR",22.2,113.55,701,1,1006801140,22.0,114.0,0.33,0.59,0.99,2.08
612,Gaoxiong,"China, Taiwan Province of China",22.63,120.32,1566,4,1006701200,23.0,120.0,0.34,0.61,1.01,2.13
613,Jilong,"China, Taiwan Province of China",25.13,121.74,371,1,1006501220,25.0,122.0,0.35,0.61,1.05,2.17
614,Taibei,"China, Taiwan Province of China",25.05,121.55,2779,16,1006501220,25.0,122.0,0.35,0.61,1.05,2.17
615,Tainan,"China, Taiwan Province of China",23.13,120.26,881,13,1006701200,23.0,120.0,0.34,0.61,1.01,2.13
616,Taizhong,"China, Taiwan Province of China",24.14,120.67,1393,17,1006601210,24.0,121.0,0.34,0.6,1.02,2.14
617,Taoyuan,"China, Taiwan Province of China",24.99,121.3,2357,15,1006501210,25.0,121.0,0.35,0.6,1.03,2.15
618,Xinbei,"China, Taiwan Province of China",25.01,121.46,4564,16,1006501210,25.0,121.0,0.35,0.6,1.03,2.15
619,Xinzhu,"China, Taiwan Province of China",24.8,120.97,467,5,1006501210,25.0,121.0,0.35,0.6,1.03,2.15
621,Barranquilla,Colombia,10.96,-74.8,2396,6,1007902850,11.0,-75.0,0.39,0.64,1.05,2.13
624,Buenaventura,Colombia,3.89,-77.07,488,0,1008602830,4.0,-77.0,0.34,0.56,0.96,2.02
625,Cali,Colombia,3.44,-76.52,2917,71,1008702830,3.0,-77.0,0.34,0.56,0.96,2.02
626,Cartagena,Colombia,10.4,-75.51,1106,1,1008002840,10.0,-76.0,0.39,0.64,1.06,2.14
631,Monteria,Colombia,8.75,-75.88,457,51,1008102840,9.0,-76.0,0.38,0.64,1.05,2.12
635,Santa Marta,Colombia,11.24,-74.2,557,2,1007902860,11.0,-74.0,0.38,0.64,1.04,2.12
636,Valledupar,Colombia,10.46,-73.25,592,91,1008002870,10.0,-73.0,0.38,0.63,1.04,2.1
639,Pointe-Noire,Congo,-4.78,11.86,1424,2,1009500120,-5.0,12.0,0.37,0.62,1.07,2.13
640,Alajuela,Costa Rica,10.02,-84.22,435,52,1008002760,10.0,-84.0,0.37,0.61,1.0,2.11
641,Heredia,Costa Rica,10.0,-84.12,359,58,1008002760,10.0,-84.0,0.37,0.61,1.0,2.11
642,San José,Costa Rica,9.93,-84.08,1503,51,1008002760,10.0,-84.0,0.37,0.61,1.0,2.11
643,Abidjan,Côte d'Ivoire,5.35,-4.03,6057,10,1008503560,5.0,-4.0,0.37,0.61,1.01,2.07
645,Zagreb,Croatia,45.81,15.98,684,118,1004400160,46.0,16.0,0.25,0.49,0.88,1.73
646,Camaguey,Cuba,21.38,-77.92,314,50,1006902820,21.0,-78.0,0.35,0.59,0.97,2.05
647,La Habana (Havana),Cuba,23.12,-82.38,2156,3,1006702780,23.0,-82.0,0.37,0.61,1.0,2.09
648,Santiago de Cuba,Cuba,20.02,-75.82,443,2,1007002840,20.0,-76.0,0.35,0.6,0.99,2.08
651,Chongjin,Dem. People's Republic of Korea,41.8,129.78,662,3,1004801300,42.0,130.0,0.34,0.57,1.02,2.1
652,Hamhung,Dem. People's Republic of Korea,39.92,127.54,546,12,1005001280,40.0,128.0,0.33,0.57,1.01,2.09
653,P'yongyang,Dem. People's Republic of Korea,39.03,125.75,3209,37,1005101260,39.0,126.0,0.33,0.57,1.02,2.09
654,Sinuiju,Dem. People's Republic of Korea,40.1,124.4,333,13,1005001240,40.0,124.0,0.32,0.56,1.01,2.07
655,Wonsan,Dem. People's Republic of Korea,39.15,127.44,366,2,1005101270,39.0,127.0,0.34,0.58,1.02,2.1
667,Matadi,Democratic Republic of the Congo,-5.82,13.47,466,91,1009600130,-6.0,13.0,0.36,0.62,1.06,2.11
672,København (Copenhagen),Denmark,55.68,12.57,1401,1,1003400130,56.0,13.0,0.31,0.59,1.02,1.83
673,Djibouti,Djibouti,11.59,43.14,616,2,1007800430,12.0,43.0,0.33,0.56,0.98,1.98
674,Santiago,Dominican Republic,19.46,-70.7,707,34,1007102890,19.0,-71.0,0.36,0.61,1.0,2.08
675,Santo Domingo,Dominican Republic,18.49,-69.9,3648,3,1007202900,18.0,-70.0,0.36,0.61,1.0,2.09
676,Cuenca,Ecuador,-2.88,-78.98,461,87,1009302810,-3.0,-79.0,0.34,0.57,0.97,2.02
677,Guayaquil,Ecuador,-2.17,-79.9,3245,5,1009202800,-2.0,-80.0,0.34,0.57,0.98,2.04
679,Santo Domingo,Ecuador,-0.25,-79.17,396,99,1009002810,0.0,-79.0,0.34,0.57,0.97,2.03
681,Al-Iskandariyah (Alexandria),Egypt,31.19,29.9,5807,2,1005900300,31.0,30.0,0.31,0.56,0.99,1.92
682,Al-Ismailiyah,Egypt,30.6,32.27,383,52,1005900320,31.0,32.0,0.3,0.56,0.99,1.92
683,Al-Mahallah al-Kubra,Egypt,30.97,31.16,556,54,1005900310,31.0,31.0,0.3,0.56,0.99,1.92
684,Al-Mansurah,Egypt,31.04,31.38,607,46,1005900310,31.0,31.0,0.3,0.56,0.99,1.92
685,Al-Qahirah (Cairo),Egypt,30.04,31.24,23074,116,1006000310,30.0,31.0,0.3,0.56,0.99,1.91
686,As-Suways,Egypt,29.97,32.55,698,2,1006000330,30.0,33.0,0.3,0.55,0.98,1.91
689,Az-Zaqazig,Egypt,30.59,31.5,386,75,1005900320,31.0,32.0,0.3,0.56,0.99,1.92
690,Bur Sa'id,Egypt,31.26,32.28,808,1,1005900320,31.0,32.0,0.3,0.56,0.99,1.92
691,Kafr-ad-Dawwar,Egypt,31.13,30.13,375,15,1005900300,31.0,30.0,0.31,0.56,0.99,1.92
692,Tanta,Egypt,30.79,31.0,541,70,1005900310,31.0,31.0,0.3,0.56,0.99,1.92
693,San Salvador,El Salvador,13.69,-89.19,1132,26,1007602710,14.0,-89.0,0.34,0.57,0.96,2.06
694,Bata,Equatorial Guinea,1.86,9.77,513,1,1008800100,2.0,10.0,0.36,0.61,1.03,2.06
695,Asmara,Eritrea,15.33,38.93,1152,61,1007500390,15.0,39.0,0.32,0.55,0.96,1.94
696,Tallinn,Estonia,59.44,24.75,458,2,1003100250,59.0,25.0,0.29,0.6,1.03,1.82
702,Helsinki,Finland,60.17,24.94,1355,1,1003000250,60.0,25.0,0.29,0.59,1.03,1.82
703,Tampere,Finland,61.5,23.79,351,106,1002900240,61.0,24.0,0.28,0.59,1.01,1.79
704,Avignon,France,43.95,4.81,484,55,1004600050,44.0,5.0,0.29,0.54,0.91,1.8
705,Béthune,France,50.53,2.63,365,61,1003900030,51.0,3.0,0.29,0.57,1.0,1.84
706,Bordeaux,France,44.84,-0.58,1018,18,1004503590,45.0,-1.0,0.31,0.55,0.95,1.83
707,Douai-Lens,France,50.37,3.08,507,89,1004000030,50.0,3.0,0.29,0.57,0.99,1.83
709,Lille,France,50.63,3.06,1092,62,1003900030,51.0,3.0,0.29,0.57,1.0,1.84
711,Marseille-Aix-en-Provence,France,43.53,5.44,1645,21,1004600050,44.0,5.0,0.29,0.54,0.91,1.8
712,Montpellier,France,43.61,3.88,487,10,1004600040,44.0,4.0,0.29,0.54,0.91,1.8
713,Nantes,France,47.22,-1.55,711,32,1004303580,47.0,-2.0,0.3,0.55,0.94,1.82
714,Nice-Cannes,France,43.66,7.15,956,1,1004600070,44.0,7.0,0.28,0.54,0.91,1.8
716,Rennes,France,48.11,-1.67,371,52,1004203580,48.0,-2.0,0.3,0.55,0.95,1.81
717,Rouen,France,49.44,1.1,479,45,1004100010,49.0,1.0,0.29,0.56,0.98,1.82
720,Toulon,France,43.12,5.93,593,1,1004700060,43.0,6.0,0.29,0.55,0.93,1.83
723,Valenciennes,France,50.35,3.53,344,106,1004000040,50.0,4.0,0.29,0.58,1.0,1.83
724,Libreville,Gabon,0.39,9.45,899,2,1009000090,0.0,9.0,0.37,0.62,1.05,2.11
725,Banjul,Gambia,13.45,-16.68,510,2,1007703430,13.0,-17.0,0.37,0.61,1.0,2.06
731,Bremen,Germany,53.08,8.81,569,38,1003700090,53.0,9.0,0.28,0.58,1.01,1.83
738,Hamburg,Germany,53.55,10.0,1788,11,1003600100,54.0,10.0,0.31,0.59,1.02,1.83
749,Accra,Ghana,5.56,-0.2,2788,2,1008400000,6.0,0.0,0.37,0.6,1.01,2.04
751,Sekondi Takoradi,Ghana,4.93,-1.71,1160,1,1008503580,5.0,-2.0,0.37,0.61,1.01,2.06
753,Athínai (Athens),Greece,37.95,23.75,3155,5,1005200240,38.0,24.0,0.28,0.53,0.93,1.84
754,Thessaloniki,Greece,40.64,22.94,815,2,1004900230,41.0,23.0,0.27,0.51,0.9,1.79
755,Ciudad de Guatemala (Guatemala City),Guatemala,14.61,-90.53,3230,77,1007502690,15.0,-91.0,0.34,0.57,0.96,2.06
756,Conakry,Guinea,9.57,-13.65,2252,1,1008003460,10.0,-14.0,0.37,0.6,0.99,2.05
757,Bissau,Guinea-Bissau,11.86,-15.6,709,2,1007803440,12.0,-16.0,0.37,0.6,0.99,2.05
758,Port-au-Prince,Haiti,18.54,-72.33,3133,2,1007102880,19.0,-72.0,0.36,0.61,1.0,2.09
759,San Pedro Sula,Honduras,15.5,-88.03,1034,23,1007402720,16.0,-88.0,0.38,0.62,1.04,2.13
760,Tegucigalpa,Honduras,14.08,-87.21,1650,77,1007602730,14.0,-87.0,0.36,0.59,0.98,2.07
762,Agartala,India,23.84,91.28,670,119,1006600910,24.0,91.0,0.28,0.51,0.91,1.92
764,Ahmadabad,India,23.03,72.62,9062,81,1006700730,23.0,73.0,0.17,0.41,0.85,1.85
774,Anand,India,22.57,72.93,420,33,1006700730,23.0,73.0,0.17,0.41,0.85,1.85
781,Barddhaman,India,23.24,87.87,458,114,1006700880,23.0,88.0,0.28,0.5,0.91,1.92
785,Belgaum,India,15.85,74.5,800,80,1007400750,16.0,75.0,0.28,0.51,0.95,1.99
788,Bhavnagar,India,21.77,72.15,767,5,1006800720,22.0,72.0,0.21,0.44,0.88,1.89
790,Bhiwandi,India,19.3,73.07,944,15,1007100730,19.0,73.0,0.28,0.51,0.95,1.98
792,Bhubaneswar,India,20.23,85.83,1321,46,1007000860,20.0,86.0,0.29,0.51,0.93,1.97
798,Brahmapur,India,19.32,84.78,446,14,1007100850,19.0,85.0,0.29,0.52,0.94,1.99
801,Chennai (Madras),India,13.05,80.25,12336,3,1007700800,13.0,80.0,0.3,0.54,0.98,2.05
802,Cherthala,India,9.68,76.34,931,5,1008000760,10.0,76.0,0.33,0.57,1.01,2.1
803,Coimbatore,India,10.99,76.96,3159,110,1007900770,11.0,77.0,0.32,0.56,0.99,2.07
804,Cuttack,India,20.46,85.88,805,70,1007000860,20.0,86.0,0.29,0.51,0.93,1.97
821,Gandhidham,India,23.07,70.14,466,8,1006700700,23.0,70.0,0.23,0.46,0.9,1.9
825,Guntur,India,16.3,80.45,962,50,1007400800,16.0,80.0,0.27,0.5,0.94,1.98
828,Habra,India,22.83,88.63,382,84,1006700890,23.0,89.0,0.28,0.51,0.91,1.93
834,Hubli-Dharwad,India,15.46,75.01,1231,113,1007500750,15.0,75.0,0.29,0.52,0.96,2.01
836,Ichalkaranji,India,16.7,74.47,399,111,1007300740,17.0,74.0,0.29,0.52,0.95,2.0
845,Jamnagar,India,22.47,70.07,691,7,1006800700,22.0,70.0,0.25,0.48,0.92,1.93
849,Junagadh,India,21.52,70.47,444,59,1006800700,22.0,70.0,0.25,0.48,0.92,1.93
851,Kakinada,India,16.93,82.22,564,4,1007300820,17.0,82.0,0.28,0.5,0.94,1.99
852,Kanhangad,India,12.31,75.11,399,3,1007800750,12.0,75.0,0.32,0.56,0.99,2.08
853,Kannur,India,11.87,75.37,2465,2,1007800750,12.0,75.0,0.32,0.56,0.99,2.08
858,Kayamkulam,India,9.17,76.5,839,2,1008100770,9.0,77.0,0.33,0.57,1.01,2.1
860,Kharagpur,India,22.33,87.32,352,73,1006800870,22.0,87.0,0.28,0.5,0.91,1.93
861,Kochi (Cochin),India,9.93,76.26,3605,1,1008000760,10.0,76.0,0.33,0.57,1.01,2.1
862,Kolhapur,India,16.7,74.23,669,87,1007300740,17.0,74.0,0.29,0.52,0.95,2.0
863,Kolkata (Calcutta),India,22.53,88.36,15845,42,1006700880,23.0,88.0,0.28,0.5,0.91,1.92
864,Kollam,India,8.88,76.59,2252,2,1008100770,9.0,77.0,0.33,0.57,1.01,2.1
867,Kottayam,India,9.58,76.52,885,23,1008000770,10.0,77.0,0.33,0.56,1.0,2.09
868,Kozhikode (Calicut),India,11.26,75.78,4387,1,1007900760,11.0,76.0,0.32,0.56,1.0,2.08
873,Madurai,India,9.93,78.12,1912,96,1008000780,10.0,78.0,0.32,0.56,0.99,2.07
874,Malappuram,India,11.07,76.07,4344,23,1007900760,11.0,76.0,0.32,0.56,1.0,2.08
876,Mangalore,India,12.92,74.86,779,4,1007700750,13.0,75.0,0.31,0.55,0.98,2.05
881,Morvi,India,22.82,70.83,399,43,1006700710,23.0,71.0,0.21,0.44,0.88,1.88
882,Mumbai (Bombay),India,19.07,72.88,22089,3,1007100730,19.0,73.0,0.28,0.51,0.95,1.98
888,Nashik,India,19.98,73.8,2351,108,1007000740,20.0,74.0,0.26,0.49,0.92,1.94
889,Navsari,India,20.95,72.93,375,7,1006900730,21.0,73.0,0.24,0.47,0.91,1.92
890,Nellore,India,14.45,79.98,859,21,1007600800,14.0,80.0,0.3,0.53,0.97,2.03
892,Ottappalam,India,10.77,76.38,465,43,1007900760,11.0,76.0,0.32,0.56,1.0,2.08
893,Palakkad,India,10.77,76.65,412,69,1007900770,11.0,77.0,0.32,0.56,0.99,2.07
898,Puducherry,India,11.93,79.83,941,2,1007800800,12.0,80.0,0.31,0.55,0.99,2.07
899,Pune (Poona),India,18.52,73.86,7526,85,1007100740,19.0,74.0,0.27,0.5,0.93,1.96
902,Rajahmundry,India,17.0,81.79,593,50,1007300820,17.0,82.0,0.28,0.5,0.94,1.99
903,Rajkot,India,22.3,70.78,2150,66,1006800710,22.0,71.0,0.23,0.46,0.9,1.91
907,Ranipet,India,12.93,79.33,407,98,1007700790,13.0,79.0,0.3,0.53,0.97,2.03
916,Santipur,India,23.25,88.43,412,120,1006700880,23.0,88.0,0.28,0.5,0.91,1.92
920,Shimoga,India,13.93,75.57,411,97,1007600760,14.0,76.0,0.29,0.53,0.96,2.02
924,Surat,India,21.17,72.83,8582,5,1006900730,21.0,73.0,0.24,0.47,0.91,1.92
925,Thanjavur,India,10.8,79.15,369,59,1007900790,11.0,79.0,0.31,0.54,0.98,2.05
926,Thiruvananthapuram,India,8.51,76.96,3073,6,1008100770,9.0,77.0,0.33,0.57,1.01,2.1
927,Thoothukkudi (Tuticorin),India,8.81,78.14,644,3,1008100780,9.0,78.0,0.33,0.57,1.0,2.1
928,Thrissur,India,10.52,76.22,3720,17,1007900760,11.0,76.0,0.32,0.56,1.0,2.08
929,Tiruchirappalli,India,10.8,78.69,1270,90,1007900790,11.0,79.0,0.31,0.54,0.98,2.05
930,Tirunelveli,India,8.73,77.7,616,46,1008100780,9.0,78.0,0.33,0.57,1.0,2.1
931,Tirupati,India,13.65,79.42,797,89,1007600790,14.0,79.0,0.29,0.52,0.96,2.01
936,Vadodara,India,22.3,73.2,2425,30,1006800730,22.0,73.0,0.2,0.44,0.88,1.88
938,Vellore,India,12.93,79.13,626,119,1007700790,13.0,79.0,0.3,0.53,0.97,2.03
939,Vijayawada,India,16.52,80.62,2351,70,1007300810,17.0,81.0,0.27,0.5,0.93,1.97
940,Visakhapatnam,India,17.68,83.21,2440,6,1007200830,18.0,83.0,0.28,0.51,0.94,1.98
943,Ambon,Indonesia,-3.7,128.18,604,2,1009401280,-4.0,128.0,0.34,0.59,1.02,2.16
944,Balikpapan,Indonesia,-1.27,116.83,754,1,1009101170,-1.0,117.0,0.35,0.59,1.0,2.11
945,Bandar Lampung,Indonesia,-5.43,105.26,1210,4,1009501050,-5.0,105.0,0.33,0.58,1.01,2.13
946,Bandung,Indonesia,-6.92,107.61,2758,68,1009701080,-7.0,108.0,0.34,0.59,1.02,2.14
947,Banjarmasin,Indonesia,-3.32,114.59,800,8,1009301150,-3.0,115.0,0.34,0.59,1.0,2.11
948,Batam,Indonesia,1.12,104.03,1859,2,1008901040,1.0,104.0,0.35,0.59,1.0,2.13
949,Bekasi,Indonesia,-6.24,106.98,3926,16,1009601070,-6.0,107.0,0.35,0.59,1.01,2.14
950,Bengkulu,Indonesia,-3.8,102.27,451,1,1009401020,-4.0,102.0,0.33,0.58,1.01,2.14
951,Bogor,Indonesia,-6.61,106.8,1281,50,1009701070,-7.0,107.0,0.34,0.59,1.02,2.14
952,Cirebon,Indonesia,-6.71,108.56,342,2,1009701090,-7.0,109.0,0.35,0.59,1.02,2.14
953,Denpasar,Indonesia,-8.65,115.22,1097,5,1009901150,-9.0,115.0,0.34,0.6,1.02,2.16
954,Depok,Indonesia,-6.4,106.79,3218,31,1009601070,-6.0,107.0,0.35,0.59,1.01,2.14
955,Jakarta,Indonesia,-6.21,106.84,11634,10,1009601070,-6.0,107.0,0.35,0.59,1.01,2.14
956,Jambi,Indonesia,-1.6,103.62,685,66,1009201040,-2.0,104.0,0.35,0.59,1.0,2.11
957,Jayapura,Indonesia,-2.68,140.8,347,7,1009301410,-3.0,141.0,0.34,0.59,1.0,2.13
958,Makassar (Ujung Pandang),Indonesia,-5.14,119.42,1737,2,1009501190,-5.0,119.0,0.35,0.6,1.01,2.15
959,Malang,Indonesia,-7.98,112.63,949,47,1009801130,-8.0,113.0,0.34,0.59,1.01,2.14
960,Manado,Indonesia,1.49,124.85,474,2,1008901250,1.0,125.0,0.34,0.6,1.01,2.16
961,Mataram,Indonesia,-8.58,116.12,562,5,1009901160,-9.0,116.0,0.35,0.6,1.02,2.16
962,Medan,Indonesia,3.58,98.67,2522,20,1008600990,4.0,99.0,0.34,0.58,0.99,2.11
963,Padang,Indonesia,-0.95,100.35,1073,2,1009101000,-1.0,100.0,0.33,0.58,1.0,2.13
964,Palembang,Indonesia,-2.92,104.75,1888,35,1009301050,-3.0,105.0,0.35,0.59,1.0,2.11
965,Pekalongan,Indonesia,-6.89,109.67,338,4,1009701100,-7.0,110.0,0.35,0.59,1.02,2.15
966,Pekan Baru,Indonesia,0.53,101.45,1365,101,1008901010,1.0,101.0,0.34,0.58,0.99,2.1
967,Pontianak,Indonesia,-0.03,109.33,735,8,1009001090,0.0,109.0,0.35,0.59,1.0,2.12
968,Samarinda,Indonesia,-0.49,117.14,1155,34,1009001170,0.0,117.0,0.34,0.59,1.0,2.11
969,Semarang,Indonesia,-6.99,110.42,2052,5,1009701100,-7.0,110.0,0.35,0.59,1.02,2.15
970,Sukabumi,Indonesia,-6.92,106.93,369,43,1009701070,-7.0,107.0,0.34,0.59,1.02,2.14
971,Surabaya,Indonesia,-7.29,112.74,3138,8,1009701130,-7.0,113.0,0.35,0.6,1.02,2.15
972,Surakarta,Indonesia,-7.56,110.83,561,70,1009801110,-8.0,111.0,0.34,0.59,1.02,2.14
973,Tangerang,Indonesia,-6.2,106.65,2627,15,1009601070,-6.0,107.0,0.35,0.59,1.01,2.14
974,Tasikmalaya,Indonesia,-7.35,108.22,1298,49,1009701080,-7.0,108.0,0.34,0.59,1.02,2.14
975,Yogyakarta,Indonesia,-7.78,110.36,476,23,1009801100,-8.0,110.0,0.34,0.59,1.02,2.16
976,Ahvaz,Iran (Islamic Republic of),31.32,48.67,1325,93,1005900490,31.0,49.0,0.23,0.46,0.92,1.85
979,Bandar Abbas,Iran (Islamic Republic of),27.19,56.28,691,1,1006300560,27.0,56.0,0.27,0.5,0.95,1.92
1004,Al-Basrah (Basra),Iraq,30.5,47.81,1525,49,1006000480,30.0,48.0,0.25,0.49,0.95,1.88
1021,Dublin,Ireland,53.33,-6.25,1299,2,1003703540,53.0,-6.0,0.28,0.54,0.93,1.77
1022,Be'er Sheva,Israel,31.25,34.79,676,46,1005900350,31.0,35.0,0.3,0.55,0.98,1.9
1023,Hefa (Haifa),Israel,32.81,34.99,1200,2,1005700350,33.0,35.0,0.3,0.55,0.98,1.91
1024,Jerusalem,Israel,31.77,35.22,997,52,1005800350,32.0,35.0,0.3,0.55,0.98,1.9
1025,Tel Aviv-Yafo (Tel Aviv-Jaffa),Israel,32.08,34.78,4569,2,1005800350,32.0,35.0,0.3,0.55,0.98,1.9
1026,Bari,Italy,41.12,16.85,626,2,1004900170,41.0,17.0,0.28,0.53,0.92,1.82
1027,Barletta,Italy,41.31,16.29,343,2,1004900160,41.0,16.0,0.29,0.53,0.92,1.81
1029,Bologna,Italy,44.49,11.34,819,74,1004600110,44.0,11.0,0.28,0.53,0.9,1.78
1032,Cagliari,Italy,39.21,9.13,479,2,1005100090,39.0,9.0,0.31,0.57,0.96,1.88
1033,Caserta,Italy,41.08,14.33,433,27,1004900140,41.0,14.0,0.3,0.55,0.94,1.84
1034,Catania,Italy,37.5,15.09,589,1,1005200150,38.0,15.0,0.31,0.56,0.96,1.88
1036,Firenze (Florence),Italy,43.77,11.25,714,76,1004600110,44.0,11.0,0.28,0.53,0.9,1.78
1037,Genova (Genoa),Italy,44.41,8.93,674,1,1004600090,44.0,9.0,0.29,0.54,0.92,1.8
1038,Latina,Italy,41.47,12.9,467,8,1004900130,41.0,13.0,0.3,0.55,0.95,1.85
1041,Modena,Italy,44.65,10.93,364,97,1004500110,45.0,11.0,0.27,0.52,0.89,1.76
1042,Napoli (Naples),Italy,40.85,14.26,2182,2,1004900140,41.0,14.0,0.3,0.55,0.94,1.84
1043,Nola,Italy,40.92,14.53,330,21,1004900150,41.0,15.0,0.29,0.54,0.93,1.83
1044,Padova,Italy,45.42,11.88,700,21,1004500120,45.0,12.0,0.26,0.51,0.89,1.76
1045,Palermo,Italy,38.12,13.36,851,2,1005200130,38.0,13.0,0.31,0.57,0.97,1.89
1046,Parma,Italy,44.8,10.33,336,86,1004500100,45.0,10.0,0.27,0.52,0.89,1.76
1047,Pescara,Italy,42.46,14.21,385,1,1004800140,42.0,14.0,0.29,0.53,0.92,1.81
1048,Reggio Emilia,Italy,44.7,10.63,380,87,1004500110,45.0,11.0,0.27,0.52,0.89,1.76
1049,Roma (Rome),Italy,41.89,12.48,4347,24,1004800120,42.0,12.0,0.3,0.55,0.94,1.84
1050,Salerno,Italy,40.68,14.77,423,2,1004900150,41.0,15.0,0.29,0.54,0.93,1.83
1052,Taranto,Italy,40.46,17.26,462,1,1005000170,40.0,17.0,0.29,0.54,0.93,1.84
1053,Torino (Turin),Italy,45.07,7.68,1810,105,1004500080,45.0,8.0,0.27,0.51,0.88,1.76
1054,Treviso,Italy,45.67,12.24,386,19,1004400120,46.0,12.0,0.28,0.51,0.88,1.74
1055,Venezia,Italy,45.44,12.34,643,0,1004500120,45.0,12.0,0.26,0.51,0.89,1.76
1056,Verona,Italy,45.43,11.0,644,90,1004500110,45.0,11.0,0.27,0.52,0.89,1.76
1057,Vicenza,Italy,45.56,11.54,334,51,1004400120,46.0,12.0,0.28,0.51,0.88,1.74
1058,Kingston,Jamaica,18.0,-76.79,604,3,1007202830,18.0,-77.0,0.35,0.61,1.02,2.11
1059,Akita,Japan,39.72,140.12,296,3,1005001400,40.0,140.0,0.36,0.61,1.08,2.21
1060,Asahikawa,Japan,43.77,142.37,320,62,1004601420,44.0,142.0,0.34,0.56,1.0,2.11
1061,Chukyo M.M.A. (Nagoya),Japan,35.18,136.91,9535,10,1005501370,35.0,137.0,0.37,0.62,1.09,2.22
1062,Fukuyama,Japan,34.48,133.37,460,2,1005601330,34.0,133.0,0.36,0.62,1.07,2.19
1063,Hiroshima,Japan,34.39,132.46,2058,2,1005601320,34.0,132.0,0.36,0.62,1.07,2.19
1064,Iwaki,Japan,37.05,140.88,354,8,1005301410,37.0,141.0,0.34,0.62,1.13,2.28
1065,Kagoshima,Japan,31.57,130.55,579,2,1005801310,32.0,131.0,0.36,0.63,1.08,2.21
1066,Kanazawa,Japan,36.56,136.64,461,7,1005301370,37.0,137.0,0.37,0.61,1.07,2.2
1067,Kinki M.M.A. (Osaka),Japan,34.68,135.55,18922,9,1005501360,35.0,136.0,0.37,0.62,1.08,2.21
1068,Kitakyushu-Fukuoka M.M.A.,Japan,33.61,130.42,5466,1,1005601300,34.0,130.0,0.36,0.61,1.06,2.19
1069,Kochi,Japan,33.56,133.53,320,3,1005601340,34.0,134.0,0.36,0.62,1.08,2.2
1070,Koriyama,Japan,37.4,140.38,324,57,1005301400,37.0,140.0,0.35,0.61,1.11,2.24
1071,Kumamoto,Japan,32.79,130.74,735,12,1005701310,33.0,131.0,0.36,0.62,1.07,2.19
1072,Kurashiki,Japan,34.58,133.77,470,6,1005501340,35.0,134.0,0.36,0.62,1.07,2.19
1073,Kurume,Japan,33.32,130.52,302,6,1005701310,33.0,131.0,0.36,0.62,1.07,2.19
1074,Maebashi,Japan,36.38,139.07,323,102,1005401390,36.0,139.0,0.36,0.62,1.09,2.23
1075,Matsuyama,Japan,33.83,132.76,502,5,1005601330,34.0,133.0,0.36,0.62,1.07,2.19
1076,Miyazaki,Japan,31.92,131.43,395,2,1005801310,32.0,131.0,0.36,0.63,1.08,2.21
1077,Nagano,Japan,36.65,138.18,364,51,1005301380,37.0,138.0,0.37,0.61,1.07,2.21
1078,Nagasaki,Japan,32.75,129.88,397,2,1005701300,33.0,130.0,0.36,0.61,1.07,2.19
1079,Naha,Japan,26.21,127.69,318,1,1006401280,26.0,128.0,0.35,0.64,1.1,2.25
1080,Niigata,Japan,37.91,139.03,794,2,1005201390,38.0,139.0,0.37,0.61,1.07,2.21
1081,Oita,Japan,33.24,131.61,474,2,1005701320,33.0,132.0,0.35,0.62,1.08,2.21
1082,Okayama,Japan,34.65,133.91,719,4,1005501340,35.0,134.0,0.36,0.62,1.07,2.19
1083,Sapporo,Japan,43.06,141.35,2654,15,1004701410,43.0,141.0,0.35,0.57,1.02,2.14
1084,Sendai,Japan,38.26,140.9,2338,7,1005201410,38.0,141.0,0.33,0.61,1.13,2.27
1085,Shizuoka-Hamamatsu M.M.A.,Japan,34.98,138.38,2930,5,1005501380,35.0,138.0,0.36,0.62,1.09,2.23
1086,Takamatsu,Japan,34.33,134.06,415,3,1005601340,34.0,134.0,0.36,0.62,1.08,2.2
1087,Takasaki,Japan,36.33,139.02,364,101,1005401390,36.0,139.0,0.36,0.62,1.09,2.23
1088,Tokyo,Japan,35.69,139.69,37036,8,1005401400,36.0,140.0,0.35,0.62,1.11,2.25
1089,Toyama,Japan,36.69,137.22,406,5,1005301370,37.0,137.0,0.37,0.61,1.07,2.2
1090,Toyohashi,Japan,34.77,137.38,365,1,1005501370,35.0,137.0,0.37,0.62,1.09,2.22
1091,Utsunomiya,Japan,36.57,139.88,518,66,1005301400,37.0,140.0,0.35,0.61,1.11,2.24
1092,Al-Quwaysimah,Jordan,31.92,35.95,431,113,1005800360,32.0,36.0,0.29,0.55,0.97,1.89
1093,Amman,Jordan,31.96,35.95,2273,111,1005800360,32.0,36.0,0.29,0.55,0.97,1.89
1094,Ar-Rusayfah,Jordan,32.02,36.04,533,118,1005800360,32.0,36.0,0.29,0.55,0.97,1.89
1095,Irbid,Jordan,32.56,35.85,567,81,1005700360,33.0,36.0,0.29,0.55,0.97,1.89
1096,Tila al-Ali,Jordan,31.99,35.86,368,103,1005800360,32.0,36.0,0.29,0.55,0.97,1.89
1109,Mombasa,Kenya,-4.05,39.66,1553,1,1009400400,-4.0,40.0,0.36,0.6,1.02,2.09
1113,Al Kuwayt (Kuwait City),Kuwait,29.37,47.98,3405,1,1006100480,29.0,48.0,0.27,0.5,0.96,1.9
1116,Riga,Latvia,56.95,24.11,616,10,1003300240,57.0,24.0,0.3,0.61,1.05,1.85
1117,Bayrut (Beirut),Lebanon,33.9,35.48,2379,0,1005600350,34.0,35.0,0.3,0.55,0.98,1.91
1118,Monrovia,Liberia,6.3,-10.8,1795,1,1008403490,6.0,-11.0,0.38,0.61,1.01,2.09
1119,Banghazi,Libya,32.12,20.07,882,1,1005800200,32.0,20.0,0.32,0.57,0.97,1.9
1120,Misratah,Libya,32.38,15.09,1035,4,1005800150,32.0,15.0,0.31,0.56,0.96,1.89
1121,Tarabulus (Tripoli),Libya,32.88,13.19,1203,2,1005700130,33.0,13.0,0.3,0.55,0.95,1.88
1125,Toamasina,Madagascar,-18.17,49.38,554,2,1010800490,-18.0,49.0,0.35,0.58,0.96,2.08
1128,Alor Star,Malaysia,6.12,100.37,382,8,1008401000,6.0,100.0,0.33,0.58,0.99,2.11
1129,Ipoh,Malaysia,4.58,101.08,888,47,1008501010,5.0,101.0,0.34,0.58,0.98,2.09
1130,Johor Bahru,Malaysia,1.47,103.76,1128,1,1008901040,1.0,104.0,0.35,0.59,1.0,2.13
1131,Kota Bharu,Malaysia,6.13,102.25,375,4,1008401020,6.0,102.0,0.34,0.59,0.99,2.1
1132,Kota Kinabalu,Malaysia,5.98,116.12,613,3,1008401160,6.0,116.0,0.34,0.6,1.0,2.13
1133,Kuala Lumpur,Malaysia,3.14,101.69,9000,37,1008701020,3.0,102.0,0.35,0.58,0.99,2.1
1134,Kuala Terengganu,Malaysia,5.33,103.14,419,1,1008501030,5.0,103.0,0.34,0.59,0.99,2.1
1135,Kuantan,Malaysia,3.81,103.33,559,1,1008601030,4.0,103.0,0.34,0.59,0.99,2.1
1136,Kuching,Malaysia,1.55,110.33,663,15,1008801100,2.0,110.0,0.35,0.59,1.0,2.12
1137,Sandakan,Malaysia,5.84,118.12,403,1,1008401180,6.0,118.0,0.33,0.6,1.01,2.14
1138,Seremban,Malaysia,2.73,101.94,523,23,1008701020,3.0,102.0,0.35,0.58,0.99,2.1
1141,Nouakchott,Mauritania,18.09,-15.98,1613,5,1007203440,18.0,-16.0,0.36,0.59,0.97,2.01
1142,Acapulco de Juárez,Mexico,16.86,-99.89,1047,1,1007302600,17.0,-100.0,0.34,0.57,0.95,2.07
1144,Cancún,Mexico,21.17,-86.85,1065,5,1006902730,21.0,-87.0,0.37,0.62,1.03,2.12
1149,Ciudad Obregón,Mexico,27.48,-109.93,408,40,1006302500,27.0,-110.0,0.31,0.52,0.89,1.99
1151,Coatzacoalcos,Mexico,18.15,-94.42,423,1,1007202660,18.0,-94.0,0.37,0.61,1.04,2.12
1152,Colima,Mexico,19.23,-103.72,447,50,1007102560,19.0,-104.0,0.34,0.56,0.95,2.07
1153,Córdoba,Mexico,18.88,-96.93,375,81,1007102630,19.0,-97.0,0.36,0.6,1.04,2.12
1156,Culiacán,Mexico,24.8,-107.39,918,35,1006502530,25.0,-107.0,0.32,0.53,0.9,2.0
1158,Ensenada,Mexico,31.87,-116.62,363,2,1005802430,32.0,-117.0,0.31,0.51,0.9,2.02
1160,Hermosillo,Mexico,29.08,-110.97,944,91,1006102490,29.0,-111.0,0.31,0.51,0.88,1.97
1164,Los Mochis,Mexico,25.77,-108.97,342,20,1006402510,26.0,-109.0,0.32,0.52,0.9,2.0
1166,Mazatlán,Mexico,23.24,-106.41,492,2,1006702540,23.0,-106.0,0.33,0.54,0.92,2.02
1167,Mérida,Mexico,20.97,-89.62,1258,36,1006902700,21.0,-90.0,0.37,0.61,1.04,2.12
1168,Mexicali,Mexico,32.65,-115.47,1215,98,1005702450,33.0,-115.0,0.28,0.48,0.86,1.95
1169,Minatitlán,Mexico,18.0,-94.56,428,16,1007202650,18.0,-95.0,0.37,0.61,1.03,2.12
1175,Orizaba,Mexico,18.85,-97.1,505,98,1007102630,19.0,-97.0,0.36,0.6,1.04,2.12
1177,Poza Rica de Hidalgo,Mexico,20.53,-97.46,598,33,1006902630,21.0,-97.0,0.36,0.61,1.04,2.13
1179,Puerto Vallarta,Mexico,20.62,-105.23,578,2,1006902550,21.0,-105.0,0.34,0.55,0.93,2.04
1181,Reynosa,Mexico,26.08,-98.28,983,90,1006402620,26.0,-98.0,0.35,0.59,1.02,2.07
1184,Tampico,Mexico,22.22,-97.85,1078,6,1006802620,22.0,-98.0,0.36,0.6,1.03,2.1
1186,Tepic,Mexico,21.5,-104.9,601,30,1006802550,22.0,-105.0,0.33,0.54,0.92,2.02
1187,Tijuana,Mexico,32.53,-117.02,2333,10,1005702430,33.0,-117.0,0.28,0.49,0.88,1.98
1190,Tuxtla Gutierrez,Mexico,16.75,-93.12,928,116,1007302670,17.0,-93.0,0.36,0.6,1.0,2.09
1192,Veracruz,Mexico,19.2,-96.13,981,1,1007102640,19.0,-96.0,0.37,0.61,1.04,2.13
1193,Villahermosa,Mexico,17.98,-92.92,972,46,1007202670,18.0,-93.0,0.37,0.61,1.04,2.12
1194,Xalapa,Mexico,19.54,-96.91,835,55,1007002630,20.0,-97.0,0.36,0.6,1.04,2.12
1197,Agadir,Morocco,30.42,-9.59,1017,2,1006003500,30.0,-10.0,0.36,0.59,0.99,1.96
1198,Dar-el-Beida (Casablanca),Morocco,33.59,-7.62,4012,2,1005603520,34.0,-8.0,0.34,0.58,0.97,1.93
1200,Kénitra,Morocco,34.26,-6.58,527,7,1005603530,34.0,-7.0,0.34,0.59,0.98,1.93
1202,Meknès,Morocco,33.89,-5.55,595,110,1005603540,34.0,-6.0,0.34,0.58,0.97,1.91
1203,Oujda,Morocco,34.68,-1.91,618,44,1005503580,35.0,-2.0,0.33,0.58,0.96,1.88
1204,Rabat,Morocco,34.01,-6.83,2021,1,1005603530,34.0,-7.0,0.34,0.59,0.98,1.93
1205,Safi,Morocco,32.3,-9.24,346,2,1005803510,32.0,-9.0,0.35,0.59,0.99,1.95
1206,Tanger,Morocco,35.78,-5.81,1381,1,1005403540,36.0,-6.0,0.34,0.59,0.98,1.92
1207,Tétouan,Morocco,35.57,-5.37,461,8,1005403550,36.0,-5.0,0.34,0.58,0.97,1.91
1208,Beira,Mozambique,-19.84,34.84,667,2,1011000350,-20.0,35.0,0.37,0.61,1.01,2.09
1210,Maputo,Mozambique,-25.97,32.59,1230,1,1011600330,-26.0,33.0,0.37,0.61,1.01,2.1
1211,Matola,Mozambique,-25.96,32.46,1985,5,1011600320,-26.0,32.0,0.36,0.6,1.0,2.07
1213,Quelimane,Mozambique,-17.88,36.89,536,2,1010800370,-18.0,37.0,0.37,0.6,1.0,2.09
1217,Yangon,Myanmar,16.81,96.16,5813,3,1007300960,17.0,96.0,0.31,0.54,0.95,2.01
1221,Amsterdam,Netherlands,52.37,4.89,1189,3,1003800050,52.0,5.0,0.28,0.58,1.01,1.83
1222,Eindhoven,Netherlands,51.44,5.48,373,65,1003900050,51.0,5.0,0.29,0.58,1.01,1.84
1223,Rotterdam,Netherlands,51.92,4.48,1026,22,1003800040,52.0,4.0,0.28,0.57,1.0,1.84
1224,s-Gravenhage (The Hague),Netherlands,52.08,4.3,725,3,1003800040,52.0,4.0,0.28,0.57,1.0,1.84
1225,Utrecht,Netherlands,52.09,5.12,576,24,1003800050,52.0,5.0,0.28,0.58,1.01,1.83
1226,Auckland,New Zealand,-36.87,174.77,1711,2,1012701750,-37.0,175.0,0.32,0.58,1.02,2.04
1227,Christchurch,New Zealand,-43.53,172.63,410,7,1013401730,-44.0,173.0,0.32,0.58,1.01,1.97
1228,Wellington,New Zealand,-41.29,174.78,428,1,1013101750,-41.0,175.0,0.32,0.57,1.01,1.99
1229,Managua,Nicaragua,12.13,-86.25,1121,46,1007802740,12.0,-86.0,0.35,0.58,0.97,2.07
1232,Aba,Nigeria,5.11,7.37,1275,52,1008500070,5.0,7.0,0.36,0.6,1.02,2.04
1234,Abeokuta,Nigeria,7.15,3.35,608,62,1008300030,7.0,3.0,0.36,0.6,1.0,2.02
1239,Benin City,Nigeria,6.34,5.63,2045,50,1008400060,6.0,6.0,0.36,0.6,1.01,2.03
1241,Calabar,Nigeria,4.95,8.32,713,6,1008500080,5.0,8.0,0.36,0.6,1.02,2.04
1247,Ibadan,Nigeria,7.39,3.9,4144,85,1008300040,7.0,4.0,0.36,0.6,1.01,2.02
1250,Ijebu-Ode,Nigeria,6.82,3.92,409,23,1008300040,7.0,4.0,0.36,0.6,1.01,2.02
1251,Ikorodu,Nigeria,6.61,3.51,1197,3,1008300040,7.0,4.0,0.36,0.6,1.01,2.02
1252,Ikot Ekpene,Nigeria,5.18,7.71,468,63,1008500080,5.0,8.0,0.36,0.6,1.02,2.04
1260,Lagos,Nigeria,6.45,3.4,17156,0,1008400030,6.0,3.0,0.37,0.61,1.02,2.06
1269,Ondo,Nigeria,7.1,4.83,510,94,1008300050,7.0,5.0,0.36,0.6,1.01,2.02
1272,Owerri,Nigeria,5.48,7.03,1064,83,1008500070,5.0,7.0,0.36,0.6,1.02,2.04
1274,Port Harcourt,Nigeria,4.78,7.01,3794,8,1008500070,5.0,7.0,0.36,0.6,1.02,2.04
1278,Umuahia,Nigeria,5.53,7.49,990,98,1008400070,6.0,7.0,0.36,0.6,1.01,2.02
1279,Uyo,Nigeria,5.05,7.93,1457,34,1008500080,5.0,8.0,0.36,0.6,1.02,2.04
1280,Warri,Nigeria,5.52,5.75,1076,8,1008400060,6.0,6.0,0.36,0.6,1.01,2.03
1282,Oslo,Norway,59.91,10.75,1116,1,1003000110,60.0,11.0,0.29,0.56,0.98,1.75
1283,Masqat (Muscat),Oman,23.61,58.59,1703,1,1006600590,24.0,59.0,0.29,0.52,0.96,1.97
1284,Salahah (Salalah),Oman,17.01,54.09,462,2,1007300540,17.0,54.0,0.32,0.55,0.99,2.01
1293,Karachi,Pakistan,24.91,67.08,18077,11,1006500670,25.0,67.0,0.21,0.44,0.88,1.88
1310,Ciudad de Panamá (Panama City),Panama,9.0,-79.52,2055,2,1008102800,9.0,-80.0,0.38,0.63,1.04,2.13
1311,Port Moresby,Papua New Guinea,-9.44,147.18,432,4,1009901470,-9.0,147.0,0.36,0.59,1.04,2.17
1314,Arequipa,Peru,-16.4,-71.54,984,86,1010602880,-16.0,-72.0,0.34,0.55,0.93,1.95
1315,Chiclayo,Peru,-6.77,-79.84,679,12,1009702800,-7.0,-80.0,0.34,0.58,0.98,2.06
1316,Chimbote,Peru,-9.09,-78.58,411,2,1009902810,-9.0,-79.0,0.34,0.57,0.98,2.06
1320,Lima,Peru,-12.04,-77.03,11517,8,1010202830,-12.0,-77.0,0.34,0.57,0.96,2.02
1321,Piura,Peru,-5.2,-80.63,509,43,1009502790,-5.0,-81.0,0.34,0.58,0.99,2.07
1322,Tacna,Peru,-18.01,-70.25,347,39,1010802900,-18.0,-70.0,0.34,0.55,0.92,1.95
1323,Trujillo,Peru,-8.12,-79.03,929,5,1009802810,-8.0,-79.0,0.34,0.57,0.97,2.04
1324,Angeles City,Philippines,15.15,120.58,601,37,1007501210,15.0,121.0,0.32,0.6,1.01,2.14
1325,Antipolo,Philippines,14.62,121.12,990,17,1007501210,15.0,121.0,0.32,0.6,1.01,2.14
1326,Bacolod,Philippines,10.65,122.95,675,2,1007901230,11.0,123.0,0.32,0.61,1.02,2.16
1327,Bacoor,Philippines,14.41,120.97,774,7,1007601210,14.0,121.0,0.32,0.6,1.01,2.15
1328,Baguio City,Philippines,16.41,120.59,407,27,1007401210,16.0,121.0,0.31,0.6,1.0,2.13
1329,Basilan City (including City of Isabela),Philippines,6.7,121.97,607,2,1008301220,7.0,122.0,0.32,0.6,1.02,2.16
1330,Batangas City,Philippines,13.76,121.06,387,2,1007601210,14.0,121.0,0.32,0.6,1.01,2.15
1331,Binan,Philippines,14.3,121.08,440,23,1007601210,14.0,121.0,0.32,0.6,1.01,2.15
1332,Butuan,Philippines,8.95,125.54,400,3,1008101260,9.0,126.0,0.32,0.61,1.01,2.16
1333,Cabuyao,Philippines,14.25,121.14,442,32,1007601210,14.0,121.0,0.32,0.6,1.01,2.15
1334,Cagayan de Oro City,Philippines,8.48,124.65,838,2,1008201250,8.0,125.0,0.32,0.6,1.01,2.15
1335,Calamba,Philippines,14.19,121.13,595,37,1007601210,14.0,121.0,0.32,0.6,1.01,2.15
1336,Cebu City,Philippines,10.32,123.89,1062,3,1008001240,10.0,124.0,0.32,0.61,1.02,2.16
1337,Cotabato,Philippines,7.22,124.25,361,3,1008301240,7.0,124.0,0.33,0.6,1.01,2.15
1338,Dasmarinas,Philippines,14.3,120.96,839,17,1007601210,14.0,121.0,0.32,0.6,1.01,2.15
1339,Davao City,Philippines,7.07,125.61,2034,2,1008301260,7.0,126.0,0.33,0.6,1.02,2.16
1340,General Santos City,Philippines,6.11,125.17,720,2,1008401250,6.0,125.0,0.33,0.6,1.02,2.16
1341,General Trias,Philippines,14.32,121.91,475,7,1007601220,14.0,122.0,0.32,0.61,1.01,2.15
1342,Iligan,Philippines,8.23,124.24,392,2,1008201240,8.0,124.0,0.32,0.6,1.02,2.15
1343,Iloilo City,Philippines,10.7,122.56,509,1,1007901230,11.0,123.0,0.32,0.61,1.02,2.16
1344,Imus,Philippines,14.41,120.94,641,6,1007601210,14.0,121.0,0.32,0.6,1.01,2.15
1345,Lapu-Lapu City,Philippines,10.31,123.95,532,1,1008001240,10.0,124.0,0.32,0.61,1.02,2.16
1346,Lipa City,Philippines,13.94,121.16,438,24,1007601210,14.0,121.0,0.32,0.6,1.01,2.15
1347,Mandaue City,Philippines,10.32,123.92,434,2,1008001240,10.0,124.0,0.32,0.61,1.02,2.16
1348,Manila,Philippines,14.6,120.98,15231,2,1007501210,15.0,121.0,0.32,0.6,1.01,2.14
1349,San Fernando,Philippines,15.06,120.66,356,27,1007501210,15.0,121.0,0.32,0.6,1.01,2.14
1350,San Jose del Monte,Philippines,14.82,121.1,657,24,1007501210,15.0,121.0,0.32,0.6,1.01,2.14
1351,San Pedro,Philippines,14.35,121.04,396,17,1007601210,14.0,121.0,0.32,0.6,1.01,2.15
1352,Santa Rosa,Philippines,14.28,121.09,506,25,1007601210,14.0,121.0,0.32,0.6,1.01,2.15
1353,Tarlac,Philippines,15.45,120.47,400,53,1007501200,15.0,120.0,0.31,0.6,1.01,2.14
1354,Zamboanga City,Philippines,6.91,122.08,995,1,1008301220,7.0,122.0,0.32,0.6,1.02,2.16
1356,Gdańsk,Poland,54.35,18.65,466,6,1003600190,54.0,19.0,0.31,0.61,1.05,1.86
1361,Szczecin,Poland,53.43,14.55,397,19,1003700150,53.0,15.0,0.32,0.61,1.05,1.86
1364,Lisboa (Lisbon),Portugal,38.72,-9.14,3028,2,1005103510,39.0,-9.0,0.33,0.58,0.97,1.91
1365,Porto,Portugal,41.15,-8.61,1334,2,1004903510,41.0,-9.0,0.33,0.57,0.96,1.9
1366,Aguadilla-Isabela-San Sebastian,Puerto Rico,18.43,-67.15,297,2,1007202930,18.0,-67.0,0.36,0.61,1.0,2.09
1367,San Juan,Puerto Rico,18.47,-66.11,2434,1,1007202940,18.0,-66.0,0.36,0.61,1.01,2.1
1368,Ad-Dawhah (Doha),Qatar,25.27,51.52,673,3,1006500520,25.0,52.0,0.28,0.52,0.98,1.96
1369,Ar-Rayyan,Qatar,25.29,51.42,832,10,1006500510,25.0,51.0,0.28,0.52,0.98,1.94
1370,Doha Industrial Area,Qatar,25.22,51.42,451,13,1006500510,25.0,51.0,0.28,0.52,0.98,1.94
1371,Ansan,Republic of Korea,37.32,126.82,771,3,1005301270,37.0,127.0,0.34,0.58,1.03,2.12
1372,Anyang,Republic of Korea,37.39,126.93,560,13,1005301270,37.0,127.0,0.34,0.58,1.03,2.12
1373,Bucheon,Republic of Korea,37.5,126.78,828,10,1005301270,37.0,127.0,0.34,0.58,1.03,2.12
1374,Busan,Republic of Korea,35.1,129.04,3484,1,1005501290,35.0,129.0,0.35,0.6,1.04,2.16
1375,Changwon,Republic of Korea,35.23,128.68,1057,7,1005501290,35.0,129.0,0.35,0.6,1.04,2.16
1376,Cheonan,Republic of Korea,36.81,127.14,713,18,1005301270,37.0,127.0,0.34,0.58,1.03,2.12
1377,Cheongju,Republic of Korea,36.64,127.49,733,55,1005301270,37.0,127.0,0.34,0.58,1.03,2.12
1378,Daegu,Republic of Korea,35.87,128.59,2181,72,1005401290,36.0,129.0,0.35,0.59,1.04,2.14
1379,Daejon,Republic of Korea,36.32,127.42,1586,51,1005401270,36.0,127.0,0.34,0.59,1.03,2.13
1380,Gimhae,Republic of Korea,35.23,128.88,320,13,1005501290,35.0,129.0,0.35,0.6,1.04,2.16
1381,Goyang,Republic of Korea,37.66,126.84,1121,6,1005201270,38.0,127.0,0.34,0.58,1.03,2.11
1382,Gumi,Republic of Korea,36.12,128.35,401,93,1005401280,36.0,128.0,0.35,0.59,1.03,2.13
1383,Gwangju,Republic of Korea,35.15,126.92,1537,38,1005501270,35.0,127.0,0.35,0.59,1.03,2.13
1384,Gwangmyeong,Republic of Korea,37.48,126.87,351,8,1005301270,37.0,127.0,0.34,0.58,1.03,2.12
1385,Incheon,Republic of Korea,37.45,126.73,2874,6,1005301270,37.0,127.0,0.34,0.58,1.03,2.12
1386,Jeju,Republic of Korea,33.51,126.52,350,2,1005601270,34.0,127.0,0.35,0.59,1.04,2.16
1387,Jeonju,Republic of Korea,35.82,127.15,668,30,1005401270,36.0,127.0,0.34,0.59,1.03,2.13
1388,Pohang,Republic of Korea,36.02,129.36,367,2,1005401290,36.0,129.0,0.35,0.59,1.04,2.14
1389,Seongnam,Republic of Korea,37.44,127.14,943,24,1005301270,37.0,127.0,0.34,0.58,1.03,2.12
1390,Seoul,Republic of Korea,37.57,126.98,10026,7,1005201270,38.0,127.0,0.34,0.58,1.03,2.11
1391,Siheung,Republic of Korea,37.46,126.9,451,10,1005301270,37.0,127.0,0.34,0.58,1.03,2.12
1392,Suweon,Republic of Korea,37.26,127.02,1389,14,1005301270,37.0,127.0,0.34,0.58,1.03,2.12
1393,Uijeongbu,Republic of Korea,37.74,127.05,426,25,1005201270,38.0,127.0,0.34,0.58,1.03,2.11
1394,Ulsan,Republic of Korea,35.54,129.32,916,4,1005401290,36.0,129.0,0.35,0.59,1.04,2.14
1395,Yongin,Republic of Korea,37.24,127.2,1158,31,1005301270,37.0,127.0,0.34,0.58,1.03,2.12
1396,Chişinău,Republic of Moldova,47.01,28.86,484,120,1004300290,47.0,29.0,0.18,0.45,0.9,1.73
1401,Arkhangelsk,Russian Federation,64.56,40.53,348,1,1002500410,65.0,41.0,0.3,0.62,1.05,1.83
1414,"Kaliningrad, Kaliningrad Oblast",Russian Federation,54.71,20.51,495,7,1003500210,55.0,21.0,0.31,0.61,1.05,1.86
1420,Krasnodar,Russian Federation,45.05,38.97,1018,84,1004500390,45.0,39.0,0.19,0.46,0.93,1.78
1439,Rostov-na-Donu (Rostov-on-Don),Russian Federation,47.22,39.7,1140,34,1004300400,47.0,40.0,0.18,0.45,0.83,1.7
1442,Sankt Peterburg (Saint Petersburg),Russian Federation,59.93,30.33,5597,1,1003000300,60.0,30.0,0.31,0.61,1.0,1.8
1446,Sochi,Russian Federation,43.6,39.73,481,2,1004600400,44.0,40.0,0.19,0.46,0.93,1.79
1459,Vladivostok,Russian Federation,43.11,131.87,610,1,1004701320,43.0,132.0,0.34,0.57,1.02,2.1
1468,Ad-Dammam,Saudi Arabia,26.43,50.1,1376,2,1006400500,26.0,50.0,0.28,0.51,0.97,1.93
1474,Hufuf-Mubarraz,Saudi Arabia,25.41,49.58,897,66,1006500500,25.0,50.0,0.28,0.52,0.97,1.93
1475,Jiddah,Saudi Arabia,21.52,39.22,5022,4,1006800390,22.0,39.0,0.29,0.51,0.93,1.9
1476,Jubayl,Saudi Arabia,27.01,49.66,712,1,1006300500,27.0,50.0,0.28,0.51,0.97,1.94
1477,Khamis Mushayt,Saudi Arabia,18.31,42.73,588,99,1007200430,18.0,43.0,0.3,0.53,0.94,1.92
1478,Khubar,Saudi Arabia,26.28,50.21,369,1,1006400500,26.0,50.0,0.28,0.51,0.97,1.93
1479,Makkah (Mecca),Saudi Arabia,21.42,39.82,2219,65,1006900400,21.0,40.0,0.29,0.51,0.93,1.89
1482,Taif,Saudi Arabia,21.27,40.42,726,114,1006900400,21.0,40.0,0.29,0.51,0.93,1.89
1483,Thuqbah,Saudi Arabia,26.27,50.2,381,2,1006400500,26.0,50.0,0.28,0.51,0.97,1.93
1484,Yanbu' al-Bahr,Saudi Arabia,24.09,38.06,371,1,1006600380,24.0,38.0,0.3,0.52,0.95,1.91
1485,Dakar,Senegal,14.69,-17.44,3659,1,1007503430,15.0,-17.0,0.37,0.6,0.99,2.05
1486,Rufisque,Senegal,14.72,-17.27,417,2,1007503430,15.0,-17.0,0.37,0.6,0.99,2.05
1487,Thies,Senegal,14.8,-16.93,440,25,1007503430,15.0,-17.0,0.37,0.6,0.99,2.05
1489,Freetown,Sierra Leone,8.48,-13.23,1387,2,1008203470,8.0,-13.0,0.38,0.61,1.0,2.07
1490,Singapore,Singapore,1.29,103.85,6157,1,1008901040,1.0,104.0,0.35,0.59,1.0,2.13
1492,Berbera,Somalia,10.44,45.01,620,1,1008000450,10.0,45.0,0.34,0.56,0.98,2.0
1493,Hargeysa,Somalia,9.56,44.06,1228,98,1008000440,10.0,44.0,0.33,0.56,0.99,1.99
1494,Kismaayo,Somalia,-0.37,42.53,581,2,1009000430,0.0,43.0,0.36,0.59,1.01,2.08
1495,Merca,Somalia,1.72,44.77,828,2,1008800450,2.0,45.0,0.36,0.59,1.01,2.07
1496,Muqdisho (Mogadishu),Somalia,2.04,45.34,2846,2,1008800450,2.0,45.0,0.36,0.59,1.01,2.07
1498,Cape Town,South Africa,-33.93,18.42,5064,2,1012400180,-34.0,18.0,0.38,0.63,1.02,2.13
1499,Durban (Ethekwini),South Africa,-29.86,31.03,3301,2,1012000310,-30.0,31.0,0.36,0.6,1.0,2.1
1500,East London (Buffalo City),South Africa,-33.02,27.91,757,2,1012300280,-33.0,28.0,0.37,0.6,1.0,2.09
1503,Pietermaritzburg (The Msunduzi),South Africa,-29.62,30.39,561,66,1012000300,-30.0,30.0,0.35,0.59,0.99,2.07
1505,Port Elizabeth (Nelson Mandela Bay),South Africa,-33.92,25.57,1331,5,1012400260,-34.0,26.0,0.38,0.63,1.03,2.12
1513,Alicante,Spain,38.35,-0.48,381,1,1005200000,38.0,0.0,0.33,0.57,0.96,1.89
1514,Barcelona,Spain,41.39,2.16,5733,3,1004900020,41.0,2.0,0.31,0.56,0.95,1.86
1515,Bilbao,Spain,43.26,-2.93,347,9,1004703570,43.0,-3.0,0.31,0.57,0.97,1.86
1517,Las Palmas Gran Canaria,Spain,28.11,-15.43,406,1,1006203450,28.0,-15.0,0.38,0.63,1.07,2.07
1519,Malaga,Spain,36.72,-4.42,595,2,1005303560,37.0,-4.0,0.33,0.54,0.96,1.88
1520,Murcia,Spain,37.99,-1.13,517,35,1005203590,38.0,-1.0,0.32,0.56,0.95,1.87
1521,Palma,Spain,39.57,2.65,486,2,1005000030,40.0,3.0,0.32,0.57,0.97,1.89
1522,Sevilla,Spain,37.38,-5.98,701,64,1005303540,37.0,-6.0,0.34,0.58,0.97,1.9
1523,Valencia,Spain,39.47,-0.38,841,4,1005100000,39.0,0.0,0.32,0.56,0.96,1.88
1525,Vigo,Spain,42.23,-8.72,308,2,1004803510,42.0,-9.0,0.33,0.57,0.96,1.89
1527,Colombo,Sri Lanka,6.93,79.85,648,1,1008300800,7.0,80.0,0.34,0.58,1.02,2.14
1528,Gaza (incl. Ash Shati Camp),State of Palestine,31.51,34.46,823,4,1005800340,32.0,34.0,0.3,0.56,0.99,1.92
1534,Port Sudan (Bur Sudan),Sudan,19.62,37.21,547,1,1007000370,20.0,37.0,0.32,0.54,0.96,1.92
1536,Göteborg,Sweden,57.7,11.97,644,1,1003200120,58.0,12.0,0.3,0.58,1.0,1.79
1537,Malmö,Sweden,55.61,13.0,340,2,1003400130,56.0,13.0,0.31,0.59,1.02,1.83
1538,Stockholm,Sweden,59.33,18.06,1738,2,1003100180,59.0,18.0,0.29,0.59,1.02,1.81
1547,Dimashq (Damascus),Syrian Arab Republic,33.51,36.31,2800,81,1005600360,34.0,36.0,0.29,0.55,0.97,1.89
1548,Halab (Aleppo),Syrian Arab Republic,36.21,37.16,2438,97,1005400370,36.0,37.0,0.29,0.54,0.96,1.86
1549,Hamah,Syrian Arab Republic,35.13,36.76,1079,74,1005500370,35.0,37.0,0.29,0.54,0.96,1.87
1550,Hims (Homs),Syrian Arab Republic,34.73,36.72,1564,69,1005500370,35.0,37.0,0.29,0.54,0.96,1.87
1551,Lattakia,Syrian Arab Republic,35.51,35.78,768,1,1005400360,36.0,36.0,0.29,0.54,0.96,1.88
1552,Tartus,Syrian Arab Republic,34.89,35.89,496,2,1005500360,35.0,36.0,0.29,0.55,0.97,1.89
1556,Chanthaburi,Thailand,12.61,102.1,406,8,1007701020,13.0,102.0,0.33,0.57,0.97,2.05
1559,Chon Buri,Thailand,13.36,100.99,1491,1,1007701010,13.0,101.0,0.33,0.57,0.97,2.06
1562,Krung Thep (Bangkok),Thailand,13.72,100.53,11392,15,1007601010,14.0,101.0,0.33,0.57,0.96,2.03
1566,Nakhon Pathom,Thailand,13.82,100.04,567,40,1007601000,14.0,100.0,0.32,0.56,0.96,2.02
1568,Nonthaburi,Thailand,13.86,100.52,1026,29,1007601010,14.0,101.0,0.33,0.57,0.96,2.03
1569,Pathum Thani,Thailand,14.01,100.53,974,45,1007601010,14.0,101.0,0.33,0.57,0.96,2.03
1570,Phra Nakhon Si Ayutthaya,Thailand,14.35,100.58,470,82,1007601010,14.0,101.0,0.33,0.57,0.96,2.03
1571,Phuket,Thailand,7.89,98.4,461,2,1008200980,8.0,98.0,0.33,0.58,0.99,2.11
1572,Ratchaburi,Thailand,13.54,99.82,439,25,1007601000,14.0,100.0,0.32,0.56,0.96,2.02
1573,Rayong,Thailand,12.68,101.26,574,2,1007701010,13.0,101.0,0.33,0.57,0.97,2.06
1576,Samut Prakan,Thailand,13.6,100.6,1393,2,1007601010,14.0,101.0,0.33,0.57,0.96,2.03
1577,Samut Sakhon,Thailand,13.55,100.27,617,3,1007601000,14.0,100.0,0.32,0.56,0.96,2.02
1578,Songkhla,Thailand,7.2,100.6,1031,1,1008301010,7.0,101.0,0.34,0.59,0.99,2.11
1579,Suphan Buri,Thailand,14.47,100.12,380,105,1007601000,14.0,100.0,0.32,0.56,0.96,2.02
1580,Surat Thani,Thailand,9.14,99.33,529,6,1008100990,9.0,99.0,0.33,0.57,0.98,2.09
1583,Lomé,Togo,6.14,1.21,2109,3,1008400010,6.0,1.0,0.37,0.6,1.01,2.05
1584,Port of Spain,Trinidad and Tobago,10.67,-61.52,547,2,1007902980,11.0,-62.0,0.39,0.64,1.03,2.12
1585,Safaqis,Tunisia,34.75,10.76,665,2,1005500110,35.0,11.0,0.31,0.56,0.96,1.88
1586,Tunis,Tunisia,36.82,10.17,2545,11,1005300100,37.0,10.0,0.31,0.56,0.96,1.88
1587,Adana,Turkey,37.0,35.33,1877,40,1005300350,37.0,35.0,0.29,0.54,0.96,1.86
1589,Antalya,Turkey,36.91,30.7,1395,3,1005300310,37.0,31.0,0.3,0.55,0.96,1.87
1590,Balikesir,Turkey,39.65,27.89,354,74,1005000280,40.0,28.0,0.26,0.51,0.93,1.81
1592,Bursa,Turkey,40.19,29.06,2143,19,1005000290,40.0,29.0,0.23,0.5,0.95,1.82
1593,Denizli,Turkey,37.77,29.09,712,104,1005200290,38.0,29.0,0.29,0.54,0.94,1.84
1597,Eskisehir,Turkey,39.78,30.52,861,116,1005000310,40.0,31.0,0.21,0.47,0.95,1.81
1598,Gaziantep,Turkey,37.06,37.38,1859,110,1005300370,37.0,37.0,0.28,0.53,0.95,1.85
1599,Gebze,Turkey,40.8,29.43,847,4,1004900290,41.0,29.0,0.22,0.49,0.96,1.83
1600,Istanbul,Turkey,41.01,28.95,16237,2,1004900290,41.0,29.0,0.22,0.49,0.96,1.83
1601,Izmir,Turkey,38.41,27.14,3152,1,1005200270,38.0,27.0,0.29,0.54,0.94,1.85
1602,Izmit,Turkey,40.77,29.95,376,3,1004900300,41.0,30.0,0.21,0.47,0.95,1.82
1603,Kahramanmaras,Turkey,37.58,36.93,602,108,1005200370,38.0,37.0,0.29,0.53,0.95,1.84
1607,Manisa,Turkey,38.61,27.43,419,28,1005100270,39.0,27.0,0.28,0.53,0.93,1.83
1608,Mersin,Turkey,36.8,34.63,1099,2,1005300350,37.0,35.0,0.29,0.54,0.96,1.86
1609,Sakarya,Turkey,40.77,30.4,598,40,1004900300,41.0,30.0,0.21,0.47,0.95,1.82
1610,Samsun,Turkey,41.28,36.33,719,2,1004900360,41.0,36.0,0.2,0.47,0.86,1.75
1617,Donetsk,Ukraine,48.02,37.8,876,101,1004200380,48.0,38.0,0.15,0.44,0.94,1.77
1623,Makiivka,Ukraine,48.05,37.93,327,104,1004200380,48.0,38.0,0.15,0.44,0.94,1.77
1624,Mariupol,Ukraine,47.07,37.5,426,1,1004300380,47.0,38.0,0.18,0.45,0.83,1.7
1625,Mykolaiv,Ukraine,46.97,32.0,476,9,1004300320,47.0,32.0,0.19,0.45,0.91,1.75
1626,Odesa,Ukraine,46.48,30.73,1007,2,1004400310,46.0,31.0,0.19,0.46,0.83,1.71
1627,Sevastopol,Ukraine,44.59,33.52,402,2,1004500340,45.0,34.0,0.2,0.46,0.93,1.79
1628,Simferopol,Ukraine,44.96,34.11,340,38,1004500340,45.0,34.0,0.2,0.46,0.93,1.79
1631,Abu Zaby (Abu Dhabi),United Arab Emirates,24.46,54.36,1619,1,1006600540,24.0,54.0,0.27,0.51,0.97,1.95
1632,Ajman,United Arab Emirates,25.41,55.44,424,1,1006500550,25.0,55.0,0.26,0.5,0.96,1.93
1633,Al-Ain,United Arab Emirates,24.19,55.76,666,92,1006600560,24.0,56.0,0.27,0.51,0.95,1.93
1634,Ash-Shariqah (Sharjah),United Arab Emirates,25.36,55.4,1910,2,1006500550,25.0,55.0,0.26,0.5,0.96,1.93
1635,Dubayy (Dubai),United Arab Emirates,25.27,55.31,3095,1,1006500550,25.0,55.0,0.26,0.5,0.96,1.93
1636,Belfast,United Kingdom,54.59,-5.93,652,3,1003503540,55.0,-6.0,0.27,0.54,0.92,1.74
1637,Birkenhead,United Kingdom,53.39,-3.01,336,1,1003703570,53.0,-3.0,0.28,0.55,0.94,1.77
1638,Birmingham (West Midlands),United Kingdom,52.48,-1.9,2705,82,1003803580,52.0,-2.0,0.28,0.56,0.96,1.79
1639,Bournemouth/Poole,United Kingdom,50.72,-1.88,527,2,1003903580,51.0,-2.0,0.28,0.56,0.96,1.8
1640,Brighton-Worthing-Littlehampton,United Kingdom,50.83,-0.14,632,1,1003900000,51.0,0.0,0.28,0.57,0.99,1.83
1641,Bristol,United Kingdom,51.46,-2.6,720,7,1003903570,51.0,-3.0,0.28,0.55,0.95,1.8
1642,Cardiff,United Kingdom,51.48,-3.18,495,2,1003903570,51.0,-3.0,0.28,0.55,0.95,1.8
1643,Coventry-Bedworth,United Kingdom,52.41,-1.51,455,89,1003803580,52.0,-2.0,0.28,0.56,0.96,1.79
1644,Edinburgh,United Kingdom,55.95,-3.2,564,3,1003403570,56.0,-3.0,0.27,0.56,0.97,1.78
1645,Glasgow,United Kingdom,55.87,-4.26,1719,12,1003403560,56.0,-4.0,0.27,0.55,0.95,1.75
1646,Kingston upon Hull,United Kingdom,53.75,-0.33,329,2,1003600000,54.0,0.0,0.28,0.58,1.01,1.84
1647,Leicester,United Kingdom,52.64,-1.13,575,81,1003703590,53.0,-1.0,0.29,0.58,0.99,1.82
1648,Liverpool,United Kingdom,53.41,-2.98,929,1,1003703570,53.0,-3.0,0.28,0.55,0.94,1.77
1649,London,United Kingdom,51.51,-0.13,9841,27,1003800000,52.0,0.0,0.29,0.58,1.0,1.82
1650,Manchester,United Kingdom,53.48,-2.24,2833,33,1003703580,53.0,-2.0,0.28,0.56,0.97,1.79
1651,Newcastle upon Tyne,United Kingdom,54.97,-1.61,834,11,1003503580,55.0,-2.0,0.28,0.57,0.99,1.8
1652,Newport,United Kingdom,51.58,-3.0,325,2,1003803570,52.0,-3.0,0.28,0.55,0.95,1.78
1653,Nottingham,United Kingdom,52.95,-1.15,819,77,1003703590,53.0,-1.0,0.29,0.58,0.99,1.82
1654,Preston,United Kingdom,53.76,-2.7,338,9,1003603570,54.0,-3.0,0.28,0.54,0.94,1.76
1655,Reading-Wokingham,United Kingdom,51.41,-0.84,356,64,1003903590,51.0,-1.0,0.28,0.56,0.98,1.82
1656,Sheffield,United Kingdom,53.38,-1.47,757,57,1003703590,53.0,-1.0,0.29,0.58,0.99,1.82
1657,Southampton/Portsmouth (South Hampshire),United Kingdom,50.91,-1.4,967,2,1003903590,51.0,-1.0,0.28,0.56,0.98,1.82
1658,Southend-On-Sea,United Kingdom,51.54,0.71,323,2,1003800010,52.0,1.0,0.28,0.58,1.01,1.84
1659,Stoke-on-Trent (The Potteries),United Kingdom,53.0,-2.19,397,51,1003703580,53.0,-2.0,0.28,0.56,0.97,1.79
1660,Sunderland,United Kingdom,54.91,-1.38,349,1,1003503590,55.0,-1.0,0.28,0.57,1.0,1.81
1661,Swansea,United Kingdom,51.62,-3.94,320,2,1003803560,52.0,-4.0,0.28,0.54,0.94,1.78
1662,Teeside (Middlesbrough),United Kingdom,54.58,-1.23,398,2,1003503590,55.0,-1.0,0.28,0.57,1.0,1.81
1663,West Yorkshire,United Kingdom,53.8,-1.76,1956,66,1003603580,54.0,-2.0,0.28,0.56,0.97,1.79
1665,Dar es Salaam,United Republic of Tanzania,-6.82,39.27,8562,2,1009700390,-7.0,39.0,0.36,0.6,1.01,2.07
1670,Zanzibar,United Republic of Tanzania,-6.16,39.2,874,2,1009600390,-6.0,39.0,0.36,0.6,1.01,2.08
1674,Allentown-Bethlehem,United States of America,40.61,-75.48,800,90,1004902850,41.0,-75.0,0.38,0.67,1.09,2.05
1676,Antioch,United States of America,38.0,-121.81,380,40,1005202380,38.0,-122.0,0.28,0.49,0.87,1.97
1681,Bakersfield,United States of America,35.36,-119.03,751,115,1005502410,35.0,-119.0,0.26,0.47,0.86,1.95
1682,Baltimore,United States of America,39.29,-76.61,2387,2,1005102830,39.0,-77.0,0.38,0.66,1.08,2.05
1683,Baton Rouge,United States of America,30.45,-91.15,785,77,1006002690,30.0,-91.0,0.35,0.6,1.02,2.05
1686,Bonita Springs-Naples,United States of America,26.34,-81.78,479,6,1006402780,26.0,-82.0,0.38,0.63,1.05,2.13
1687,Boston,United States of America,42.35,-71.06,4396,2,1004802890,42.0,-71.0,0.37,0.68,1.14,2.09
1688,Bridgeport-Stamford,United States of America,41.17,-73.2,973,1,1004902870,41.0,-73.0,0.38,0.67,1.11,2.07
1690,Cape Coral,United States of America,26.64,-81.98,975,7,1006302780,27.0,-82.0,0.37,0.62,1.04,2.1
1691,Charleston-North Charleston,United States of America,32.79,-79.99,765,2,1005702800,33.0,-80.0,0.37,0.62,1.03,2.05
1700,Concord,United States of America,37.98,-122.03,710,22,1005202380,38.0,-122.0,0.28,0.49,0.87,1.97
1702,Corpus Christi,United States of America,27.74,-97.4,358,3,1006202630,28.0,-97.0,0.36,0.59,1.02,2.07
1705,Daytona Beach-Port Orange,United States of America,29.14,-81.0,522,4,1006102790,29.0,-81.0,0.38,0.63,1.04,2.09
1721,Harrisburg,United States of America,40.27,-76.88,578,104,1005002830,40.0,-77.0,0.38,0.66,1.09,2.04
1722,Hartford,United States of America,41.76,-72.69,1032,54,1004802870,42.0,-73.0,0.36,0.67,1.11,2.05
1723,Honolulu,United States of America,21.31,-157.83,928,4,1006902020,21.0,-158.0,0.38,0.65,1.11,2.35
1724,Houston,United States of America,29.76,-95.37,6890,36,1006002650,30.0,-95.0,0.35,0.59,1.01,2.04
1729,"Jacksonville, Florida",United States of America,30.33,-81.66,1360,23,1006002780,30.0,-82.0,0.38,0.62,1.04,2.07
1731,Kissimmee,United States of America,28.3,-81.42,612,66,1006202790,28.0,-81.0,0.38,0.62,1.03,2.08
1733,Lafayette,United States of America,30.22,-92.02,396,44,1006002680,30.0,-92.0,0.36,0.6,1.02,2.05
1734,Lakeland,United States of America,28.04,-81.96,374,45,1006202780,28.0,-82.0,0.37,0.62,1.03,2.09
1735,Lancaster,United States of America,40.04,-76.31,532,56,1005002840,40.0,-76.0,0.38,0.66,1.09,2.05
1736,Lancaster-Palmdale,United States of America,34.69,-118.15,546,81,1005502420,35.0,-118.0,0.28,0.48,0.87,1.95
1742,Los Angeles-Long Beach-Santa Ana,United States of America,34.03,-118.24,12678,20,1005602420,34.0,-118.0,0.29,0.49,0.88,1.98
1745,McAllen,United States of America,26.22,-98.24,1116,80,1006402620,26.0,-98.0,0.35,0.59,1.02,2.07
1747,Miami,United States of America,25.79,-80.2,6372,2,1006402800,26.0,-80.0,0.36,0.61,1.02,2.09
1750,Mission Viejo,United States of America,33.6,-117.67,658,12,1005602420,34.0,-118.0,0.29,0.49,0.88,1.98
1751,Mobile,United States of America,30.69,-88.04,339,2,1005902720,31.0,-88.0,0.35,0.6,1.02,2.03
1752,Modesto,United States of America,37.66,-120.99,431,92,1005202390,38.0,-121.0,0.26,0.47,0.85,1.93
1754,Myrtle Beach,United States of America,33.69,-78.89,441,2,1005602810,34.0,-79.0,0.37,0.62,1.02,2.04
1756,New Haven,United States of America,41.3,-72.93,608,2,1004902870,41.0,-73.0,0.38,0.67,1.11,2.07
1757,New Orleans,United States of America,29.95,-90.08,1030,8,1006002700,30.0,-90.0,0.35,0.6,1.02,2.05
1758,New York-Newark,United States of America,40.72,-74.0,19154,0,1004902860,41.0,-74.0,0.38,0.67,1.1,2.06
1762,Orlando,United States of America,28.54,-81.38,2129,56,1006102790,29.0,-81.0,0.38,0.63,1.04,2.09
1763,Oxnard,United States of America,34.2,-119.18,410,6,1005602410,34.0,-119.0,0.3,0.5,0.89,2.01
1764,Palm Bay-Melbourne,United States of America,28.06,-80.6,544,1,1006202790,28.0,-81.0,0.38,0.62,1.03,2.08
1765,Pensacola,United States of America,30.42,-87.22,363,2,1006002730,30.0,-87.0,0.36,0.61,1.03,2.07
1766,Philadelphia,United States of America,39.95,-75.16,5861,27,1005002850,40.0,-75.0,0.38,0.67,1.09,2.06
1769,Port St. Lucie,United States of America,27.29,-80.35,574,6,1006302800,27.0,-80.0,0.36,0.61,1.03,2.09
1770,Portland,United States of America,45.52,-122.68,2265,93,1004402370,46.0,-123.0,0.29,0.5,0.85,1.9
1771,Poughkeepsie-Newburgh,United States of America,41.6,-73.97,538,70,1004802860,42.0,-74.0,0.37,0.67,1.1,2.04
1772,Providence,United States of America,41.82,-71.42,1217,2,1004802890,42.0,-71.0,0.37,0.68,1.14,2.09
1776,Richmond,United States of America,37.54,-77.44,1162,50,1005202830,38.0,-77.0,0.38,0.65,1.08,2.05
1777,Riverside-San Bernardino,United States of America,33.95,-117.4,2664,58,1005602430,34.0,-117.0,0.28,0.49,0.87,1.96
1781,Sacramento,United States of America,38.58,-121.49,2269,88,1005102390,39.0,-121.0,0.28,0.49,0.86,1.94
1784,San Diego,United States of America,32.72,-117.16,3373,2,1005702430,33.0,-117.0,0.28,0.49,0.88,1.98
1785,San Francisco-Oakland,United States of America,37.76,-122.44,3363,3,1005202380,38.0,-122.0,0.28,0.49,0.87,1.97
1786,San Jose,United States of America,37.34,-121.89,1848,17,1005302380,37.0,-122.0,0.29,0.5,0.88,1.99
1787,Santa Clarita,United States of America,34.39,-118.54,442,40,1005602410,34.0,-119.0,0.3,0.5,0.89,2.01
1788,Santa Rosa,United States of America,38.44,-122.71,341,30,1005202370,38.0,-123.0,0.3,0.52,0.9,2.01
1789,Sarasota-Bradenton,United States of America,27.34,-82.53,772,2,1006302770,27.0,-83.0,0.37,0.62,1.05,2.12
1790,Savannah,United States of America,32.07,-81.1,347,15,1005802790,32.0,-81.0,0.38,0.62,1.04,2.06
1792,Seattle,United States of America,47.63,-122.33,3581,1,1004202380,48.0,-122.0,0.28,0.48,0.82,1.85
1795,"Springfield, Massachusett, Connecticut",United States of America,42.1,-72.59,691,90,1004802870,42.0,-73.0,0.36,0.67,1.11,2.05
1798,Stockton,United States of America,37.96,-121.29,461,83,1005202390,38.0,-121.0,0.26,0.47,0.85,1.93
1800,Tampa-St. Petersburg,United States of America,27.95,-82.46,3040,1,1006202780,28.0,-82.0,0.37,0.62,1.03,2.09
1801,Temecula-Murrieta,United States of America,33.54,-117.16,1019,39,1005602430,34.0,-117.0,0.28,0.49,0.87,1.96
1802,The Woodlands,United States of America,30.16,-95.46,723,67,1006002650,30.0,-95.0,0.35,0.59,1.01,2.04
1804,Trenton,United States of America,40.22,-74.74,341,49,1005002850,40.0,-75.0,0.38,0.67,1.09,2.06
1807,Victorville-Hesperia-Apple Valley,United States of America,34.53,-117.3,619,115,1005502430,35.0,-117.0,0.3,0.5,0.88,1.96
1808,Virginia Beach,United States of America,36.83,-76.09,1505,5,1005302840,37.0,-76.0,0.39,0.66,1.08,2.07
1810,"Washington, D.C.",United States of America,38.9,-77.04,5600,31,1005102830,39.0,-77.0,0.38,0.66,1.08,2.05
1813,Worcester,United States of America,42.26,-71.8,572,59,1004802880,42.0,-72.0,0.36,0.67,1.12,2.07
1815,Montevideo,Uruguay,-34.83,-56.17,1788,6,1012503040,-35.0,-56.0,0.3,0.53,0.91,1.89
1822,Barcelona-Puerto La Cruz,Venezuela (Bolivarian Republic of),10.22,-64.62,846,3,1008002950,10.0,-65.0,0.38,0.63,1.02,2.08
1825,Cabimas,Venezuela (Bolivarian Republic of),10.39,-71.44,624,2,1008002890,10.0,-71.0,0.38,0.63,1.03,2.09
1826,Caracas,Venezuela (Bolivarian Republic of),10.49,-66.88,3015,14,1008002930,10.0,-67.0,0.38,0.63,1.02,2.08
1829,Cumana,Venezuela (Bolivarian Republic of),10.46,-64.18,423,1,1008002960,10.0,-64.0,0.38,0.63,1.02,2.08
1830,Guarenas-Guatire,Venezuela (Bolivarian Republic of),10.47,-66.61,495,18,1008002930,10.0,-67.0,0.38,0.63,1.02,2.08
1831,Maracaibo,Venezuela (Bolivarian Republic of),10.63,-71.64,2432,4,1007902880,11.0,-72.0,0.38,0.63,1.03,2.1
1832,Maracay,Venezuela (Bolivarian Republic of),10.25,-67.6,1270,29,1008002920,10.0,-68.0,0.38,0.63,1.02,2.08
1833,Maturin,Venezuela (Bolivarian Republic of),9.75,-63.18,790,72,1008002970,10.0,-63.0,0.38,0.63,1.02,2.08
1834,Merida,Venezuela (Bolivarian Republic of),8.6,-71.14,363,59,1008102890,9.0,-71.0,0.38,0.63,1.04,2.09
1836,Valencia,Venezuela (Bolivarian Republic of),10.16,-68.01,2031,33,1008002920,10.0,-68.0,0.38,0.63,1.02,2.08
1837,Bien Hoa,Viet Nam,10.95,106.82,1175,42,1007901070,11.0,107.0,0.33,0.58,0.97,2.07
1838,Can Tho,Viet Nam,10.03,105.78,2007,8,1008001060,10.0,106.0,0.33,0.58,0.98,2.08
1839,Da Nang,Viet Nam,16.05,108.21,1286,1,1007401080,16.0,108.0,0.33,0.58,0.97,2.05
1840,Hà Noi,Viet Nam,21.02,105.84,5602,79,1006901060,21.0,106.0,0.32,0.57,0.95,2.0
1841,Hai Phòng,Viet Nam,20.86,106.68,1504,1,1006901070,21.0,107.0,0.33,0.57,0.96,2.02
1842,Hue,Viet Nam,16.47,107.6,447,6,1007401080,16.0,108.0,0.33,0.58,0.97,2.05
1843,Long Xuyen,Viet Nam,10.38,105.42,357,55,1008001050,10.0,105.0,0.34,0.58,0.98,2.08
1844,Nha Trang,Viet Nam,12.25,109.18,354,1,1007801090,12.0,109.0,0.33,0.58,0.98,2.08
1845,Thành Pho Ho Chí Minh (Ho Chi Minh City),Viet Nam,10.75,106.67,9816,21,1007901070,11.0,107.0,0.33,0.58,0.97,2.07
1846,Thu Dau Mot,Viet Nam,10.97,106.65,521,45,1007901070,11.0,107.0,0.33,0.58,0.97,2.07
1847,Vungtau,Viet Nam,10.35,107.08,479,1,1008001070,10.0,107.0,0.33,0.59,0.99,2.1
1848,Adan (Aden),Yemen,12.8,45.04,1154,1,1007700450,13.0,45.0,0.32,0.55,0.97,1.97
1849,Al-Hudaydah,Yemen,14.8,42.95,785,2,1007500430,15.0,43.0,0.31,0.54,0.96,1.95
1850,Al-Mukalla,Yemen,14.54,49.12,651,2,1007500490,15.0,49.0,0.32,0.55,0.98,1.99
1852,Ibb,Yemen,13.97,44.18,847,102,1007600440,14.0,44.0,0.31,0.54,0.96,1.95
1854,Ta'izz,Yemen,13.58,44.02,1009,79,1007600440,14.0,44.0,0.31,0.54,0.96,1.95
