location,lat,lon,gauge_id,gauge_name,gauge_country,low,central,high,high-end
1002500410,65.0,41.0,,,,0.29,0.64,1.11,1.88
1002900240,61.0,24.0,,,,-0.23,0.07,0.5,1.27
1003000110,60.0,11.0,,,,-0.14,0.14,0.56,1.33
1003000250,60.0,25.0,,,,-0.05,0.26,0.69,1.48
1003000300,60.0,30.0,,,,0.2,0.51,0.91,1.7
1003100180,59.0,18.0,,,,-0.14,0.15,0.58,1.37
1003100250,59.0,25.0,,,,0.06,0.37,0.81,1.6
1003200120,58.0,12.0,,,,0.02,0.29,0.72,1.51
1003300240,57.0,24.0,,,,0.24,0.55,0.99,1.79
1003400130,56.0,13.0,,,,0.21,0.49,0.92,1.73
1003403560,56.0,-4.0,,,,0.15,0.43,0.84,1.64
1003403570,56.0,-3.0,,,,0.19,0.48,0.89,1.7
1003500210,55.0,21.0,,,,0.33,0.64,1.08,1.89
1003500250,55.0,25.0,,,,0.28,0.6,1.05,1.86
1003503540,55.0,-6.0,,,,0.13,0.4,0.79,1.6
1003503580,55.0,-2.0,,,,0.25,0.55,0.97,1.78
1003503590,55.0,-1.0,,,,0.3,0.59,1.02,1.83
1003600000,54.0,0.0,,,,0.32,0.63,1.06,1.88
1003600100,54.0,10.0,,,,0.32,0.61,1.04,1.85
1003600190,54.0,19.0,,,,0.35,0.65,1.09,1.91
1003600240,54.0,24.0,,,,0.32,0.64,1.09,1.9
1003603570,54.0,-3.0,,,,0.24,0.51,0.9,1.73
1003603580,54.0,-2.0,,,,0.28,0.56,0.97,1.79
1003700090,53.0,9.0,,,,0.32,0.62,1.06,1.88
1003700130,53.0,13.0,,,,0.32,0.61,1.05,1.86
1003700150,53.0,15.0,,,,0.31,0.61,1.05,1.86
1003700180,53.0,18.0,,,,0.34,0.65,1.09,1.91
1003703540,53.0,-6.0,,,,0.27,0.54,0.93,1.77
1003703570,53.0,-3.0,,,,0.28,0.55,0.94,1.77
1003703580,53.0,-2.0,,,,0.28,0.57,0.97,1.8
1003703590,53.0,-1.0,,,,0.3,0.59,1.01,1.83
1003800000,52.0,0.0,,,,0.29,0.58,1.0,1.84
1003800010,52.0,1.0,,,,0.3,0.6,1.02,1.86
1003800040,52.0,4.0,,,,0.31,0.6,1.03,1.87
1003800050,52.0,5.0,,,,0.31,0.6,1.03,1.87
1003800070,52.0,7.0,,,,0.31,0.61,1.05,1.87
1003800080,52.0,8.0,,,,0.32,0.62,1.06,1.88
1003800090,52.0,9.0,,,,0.33,0.63,1.07,1.89
1003800100,52.0,10.0,,,,0.33,0.63,1.08,1.9
1003800170,52.0,17.0,,,,0.33,0.63,1.08,1.9
1003800190,52.0,19.0,,,,0.36,0.66,1.09,1.92
1003800210,52.0,21.0,,,,0.36,0.67,1.1,1.93
1003803560,52.0,-4.0,,,,0.3,0.56,0.96,1.8
1003803570,52.0,-3.0,,,,0.29,0.56,0.96,1.8
1003803580,52.0,-2.0,,,,0.28,0.56,0.97,1.8
1003900000,51.0,0.0,,,,0.29,0.58,1.0,1.84
1003900030,51.0,3.0,,,,0.32,0.61,1.03,1.87
1003900040,51.0,4.0,,,,0.32,0.61,1.04,1.87
1003900050,51.0,5.0,,,,0.32,0.61,1.05,1.88
1003900060,51.0,6.0,,,,0.32,0.62,1.05,1.88
1003900070,51.0,7.0,,,,0.32,0.62,1.06,1.89
1003903570,51.0,-3.0,,,,0.28,0.54,0.95,1.8
1003903580,51.0,-2.0,,,,0.27,0.54,0.95,1.8
1003903590,51.0,-1.0,,,,0.27,0.56,0.97,1.81
1004000030,50.0,3.0,,,,0.34,0.63,1.05,1.89
1004000040,50.0,4.0,,,,0.34,0.63,1.06,1.89
1004100010,49.0,1.0,,,,0.33,0.61,1.03,1.88
1004100020,49.0,2.0,,,,0.34,0.63,1.05,1.9
1004100390,49.0,39.0,,,,0.19,0.46,0.85,1.69
1004102370,49.0,-123.0,,,,0.09,0.31,0.66,1.68
1004200120,48.0,12.0,,,,0.22,0.44,0.89,1.72
1004200330,48.0,33.0,,,,0.14,0.44,0.92,1.74
1004200350,48.0,35.0,,,,0.14,0.43,0.85,1.7
1004200380,48.0,38.0,,,,0.12,0.43,0.95,1.78
1004201350,48.0,135.0,,,,0.09,0.49,1.05,2.06
1004202370,48.0,-123.0,,,,0.16,0.39,0.75,1.77
1004202380,48.0,-122.0,,,,0.18,0.41,0.77,1.79
1004203580,48.0,-2.0,,,,0.27,0.52,0.92,1.79
1004300010,47.0,1.0,,,,0.3,0.55,0.95,1.81
1004300090,47.0,9.0,,,,0.22,0.44,0.87,1.71
1004300280,47.0,28.0,,,,0.14,0.43,0.91,1.74
1004300290,47.0,29.0,,,,0.14,0.44,0.92,1.74
1004300320,47.0,32.0,,,,0.15,0.45,0.93,1.76
1004300380,47.0,38.0,,,,0.14,0.44,0.86,1.72
1004300400,47.0,40.0,,,,0.14,0.43,0.85,1.71
1004303580,47.0,-2.0,,,,0.27,0.52,0.92,1.8
1004400050,46.0,5.0,,,,0.24,0.51,0.91,1.76
1004400060,46.0,6.0,,,,0.22,0.51,0.9,1.75
1004400090,46.0,9.0,,,,0.19,0.48,0.88,1.73
1004400100,46.0,10.0,,,,0.2,0.49,0.89,1.74
1004400120,46.0,12.0,,,,0.25,0.52,0.92,1.77
1004400160,46.0,16.0,,,,0.2,0.48,0.9,1.74
1004400310,46.0,31.0,,,,0.17,0.46,0.88,1.75
1004400480,46.0,48.0,,,,-0.47,0.35,1.69,2.9
1004402370,46.0,-123.0,,,,0.2,0.44,0.81,1.85
1004500040,45.0,4.0,,,,0.22,0.51,0.92,1.78
1004500060,45.0,6.0,,,,0.22,0.51,0.92,1.78
1004500080,45.0,8.0,,,,0.21,0.5,0.91,1.77
1004500100,45.0,10.0,,,,0.22,0.51,0.92,1.78
1004500110,45.0,11.0,,,,0.22,0.51,0.91,1.77
1004500120,45.0,12.0,,,,0.24,0.52,0.93,1.79
1004500200,45.0,20.0,,,,0.22,0.49,0.9,1.76
1004500340,45.0,34.0,,,,0.18,0.47,0.96,1.81
1004500390,45.0,39.0,,,,0.17,0.46,0.96,1.8
1004500420,45.0,42.0,,,,0.15,0.43,0.84,1.71
1004501290,45.0,129.0,,,,0.12,0.5,1.03,2.02
1004501300,45.0,130.0,,,,0.12,0.51,1.08,2.08
1004501310,45.0,131.0,,,,0.12,0.51,1.07,2.08
1004502960,45.0,-64.0,,,,0.49,0.81,1.28,2.21
1004503590,45.0,-1.0,,,,0.28,0.53,0.93,1.81
1004600010,44.0,1.0,,,,0.27,0.5,0.92,1.79
1004600040,44.0,4.0,,,,0.24,0.53,0.94,1.81
1004600050,44.0,5.0,,,,0.24,0.53,0.94,1.81
1004600070,44.0,7.0,,,,0.22,0.51,0.92,1.79
1004600090,44.0,9.0,,,,0.24,0.53,0.94,1.82
1004600110,44.0,11.0,,,,0.23,0.52,0.93,1.8
1004600180,44.0,18.0,,,,0.21,0.5,0.92,1.78
1004600260,44.0,26.0,,,,0.15,0.44,0.93,1.77
1004600400,44.0,40.0,,,,0.17,0.46,0.96,1.81
1004601420,44.0,142.0,,,,0.12,0.54,1.12,2.19
1004700060,43.0,6.0,,,,0.24,0.51,0.9,1.8
1004700230,43.0,23.0,,,,0.2,0.48,0.9,1.76
1004700280,43.0,28.0,,,,0.17,0.44,0.92,1.78
1004700450,43.0,45.0,,,,0.14,0.4,0.82,1.69
1004700480,43.0,48.0,,,,-0.48,0.34,1.68,2.9
1004701300,43.0,130.0,,,,0.13,0.53,1.1,2.12
1004701320,43.0,132.0,,,,0.15,0.55,1.12,2.16
1004701410,43.0,141.0,,,,0.13,0.54,1.13,2.21
1004702860,43.0,-74.0,,,,0.37,0.68,1.12,2.06
1004703570,43.0,-3.0,,,,0.28,0.56,0.99,1.87
1004800120,42.0,12.0,,,,0.22,0.5,0.9,1.8
1004800140,42.0,14.0,,,,0.24,0.53,0.95,1.84
1004800210,42.0,21.0,,,,0.22,0.5,0.92,1.8
1004800250,42.0,25.0,,,,0.2,0.48,0.9,1.76
1004800450,42.0,45.0,,,,0.16,0.41,0.81,1.68
1004801190,42.0,119.0,,,,0.11,0.52,1.09,2.07
1004801200,42.0,120.0,,,,0.11,0.52,1.09,2.07
1004801220,42.0,122.0,,,,0.11,0.52,1.09,2.08
1004801230,42.0,123.0,,,,0.12,0.52,1.1,2.09
1004801240,42.0,124.0,,,,0.12,0.53,1.1,2.1
1004801260,42.0,126.0,,,,0.12,0.52,1.09,2.09
1004801300,42.0,130.0,,,,0.15,0.55,1.12,2.16
1004802860,42.0,-74.0,,,,0.43,0.74,1.18,2.12
1004802870,42.0,-73.0,,,,0.43,0.74,1.18,2.13
1004802880,42.0,-72.0,,,,0.44,0.75,1.2,2.15
1004802890,42.0,-71.0,,,,0.46,0.78,1.24,2.2
1004803510,42.0,-9.0,,,,0.31,0.58,1.0,1.91
1004803550,42.0,-5.0,,,,0.25,0.54,0.98,1.86
1004803590,42.0,-1.0,,,,0.27,0.49,0.92,1.81
1004900020,41.0,2.0,,,,0.32,0.61,1.03,1.93
1004900130,41.0,13.0,,,,0.27,0.56,0.99,1.89
1004900140,41.0,14.0,,,,0.25,0.53,0.94,1.84
1004900150,41.0,15.0,,,,0.25,0.54,0.96,1.85
1004900160,41.0,16.0,,,,0.25,0.54,0.96,1.85
1004900170,41.0,17.0,,,,0.24,0.53,0.96,1.85
1004900200,41.0,20.0,,,,0.23,0.52,0.94,1.83
1004900230,41.0,23.0,,,,0.28,0.56,0.97,1.85
1004900290,41.0,29.0,,,,0.18,0.48,0.98,1.84
1004900300,41.0,30.0,,,,0.17,0.46,0.97,1.83
1004900360,41.0,36.0,,,,0.17,0.47,0.89,1.78
1004900460,41.0,46.0,,,,0.08,0.33,1.58,2.73
1004900500,41.0,50.0,,,,-0.48,0.34,1.69,2.91
1004901180,41.0,118.0,,,,0.1,0.51,1.08,2.06
1004901210,41.0,121.0,,,,0.11,0.52,1.1,2.09
1004901220,41.0,122.0,,,,0.12,0.52,1.1,2.1
1004901230,41.0,123.0,,,,0.12,0.53,1.1,2.1
1004901240,41.0,124.0,,,,0.12,0.53,1.11,2.11
1004902840,41.0,-76.0,,,,0.49,0.79,1.22,2.17
1004902850,41.0,-75.0,,,,0.49,0.79,1.22,2.18
1004902860,41.0,-74.0,,,,0.49,0.79,1.22,2.18
1004902870,41.0,-73.0,,,,0.52,0.82,1.25,2.22
1004903510,41.0,-9.0,,,,0.27,0.55,0.96,1.88
1005000030,40.0,3.0,,,,0.29,0.58,1.02,1.93
1005000170,40.0,17.0,,,,0.26,0.55,0.98,1.88
1005000280,40.0,28.0,,,,0.21,0.5,0.94,1.82
1005000290,40.0,29.0,,,,0.18,0.48,0.96,1.82
1005000310,40.0,31.0,,,,0.16,0.45,0.95,1.81
1005000330,40.0,33.0,,,,0.15,0.44,0.94,1.8
1005000370,40.0,37.0,,,,0.16,0.45,0.88,1.76
1005000410,40.0,41.0,,,,0.15,0.44,0.87,1.75
1005000500,40.0,50.0,,,,-0.49,0.34,1.68,2.91
1005001160,40.0,116.0,,,,0.08,0.49,1.06,2.04
1005001170,40.0,117.0,,,,0.07,0.48,1.06,2.04
1005001180,40.0,118.0,,,,0.08,0.49,1.07,2.05
1005001200,40.0,120.0,,,,0.11,0.52,1.1,2.11
1005001220,40.0,122.0,,,,0.12,0.53,1.11,2.12
1005001230,40.0,123.0,,,,0.13,0.53,1.11,2.12
1005001240,40.0,124.0,,,,0.13,0.53,1.11,2.13
1005001280,40.0,128.0,,,,0.14,0.54,1.12,2.15
1005001400,40.0,140.0,,,,0.12,0.54,1.15,2.24
1005002830,40.0,-77.0,,,,0.52,0.8,1.24,2.2
1005002840,40.0,-76.0,,,,0.53,0.81,1.24,2.21
1005002850,40.0,-75.0,,,,0.53,0.81,1.24,2.21
1005100000,39.0,0.0,,,,0.29,0.57,1.0,1.9
1005100090,39.0,9.0,,,,0.29,0.58,1.0,1.91
1005100270,39.0,27.0,,,,0.24,0.53,0.96,1.85
1005100350,39.0,35.0,,,,0.19,0.48,0.95,1.82
1005100390,39.0,39.0,,,,0.15,0.44,0.87,1.75
1005101150,39.0,115.0,,,,0.07,0.48,1.07,2.05
1005101160,39.0,116.0,,,,0.07,0.48,1.06,2.04
1005101170,39.0,117.0,,,,0.06,0.47,1.05,2.04
1005101220,39.0,122.0,,,,0.13,0.54,1.13,2.14
1005101260,39.0,126.0,,,,0.14,0.54,1.12,2.15
1005101270,39.0,127.0,,,,0.14,0.54,1.12,2.15
1005102390,39.0,-121.0,,,,0.24,0.47,0.87,1.93
1005102830,39.0,-77.0,,,,0.55,0.82,1.25,2.21
1005103510,39.0,-9.0,,,,0.29,0.57,1.0,1.92
1005200000,38.0,0.0,,,,0.26,0.55,0.97,1.89
1005200130,38.0,13.0,,,,0.25,0.54,0.97,1.88
1005200150,38.0,15.0,,,,0.28,0.58,1.01,1.92
1005200240,38.0,24.0,,,,0.14,0.42,0.84,1.75
1005200270,38.0,27.0,,,,0.26,0.55,0.98,1.88
1005200290,38.0,29.0,,,,0.23,0.52,0.96,1.85
1005200320,38.0,32.0,,,,0.23,0.52,0.96,1.85
1005200370,38.0,37.0,,,,0.22,0.51,0.95,1.84
1005200380,38.0,38.0,,,,0.22,0.5,0.96,1.84
1005200460,38.0,46.0,,,,-0.56,0.27,1.62,2.83
1005200480,38.0,48.0,,,,-0.54,0.29,1.64,2.86
1005201150,38.0,115.0,,,,0.06,0.48,1.06,2.04
1005201160,38.0,116.0,,,,0.07,0.48,1.05,2.04
1005201170,38.0,117.0,,,,0.07,0.48,1.06,2.04
1005201210,38.0,121.0,,,,0.13,0.54,1.12,2.14
1005201220,38.0,122.0,,,,0.14,0.55,1.13,2.16
1005201270,38.0,127.0,,,,0.14,0.55,1.13,2.16
1005201390,38.0,139.0,,,,0.15,0.58,1.19,2.28
1005201410,38.0,141.0,,,,0.31,0.74,1.38,2.48
1005202370,38.0,-123.0,,,,0.32,0.54,0.93,2.03
1005202380,38.0,-122.0,,,,0.28,0.51,0.91,1.99
1005202390,38.0,-121.0,,,,0.22,0.45,0.85,1.92
1005202830,38.0,-77.0,,,,0.57,0.84,1.27,2.24
1005203550,38.0,-5.0,,,,0.26,0.54,0.96,1.86
1005203590,38.0,-1.0,,,,0.25,0.53,0.95,1.86
1005300030,37.0,3.0,,,,0.29,0.57,1.0,1.92
1005300080,37.0,8.0,,,,0.26,0.56,0.99,1.9
1005300100,37.0,10.0,,,,0.27,0.56,1.0,1.91
1005300310,37.0,31.0,,,,0.3,0.58,1.02,1.93
1005300350,37.0,35.0,,,,0.23,0.52,0.97,1.87
1005300370,37.0,37.0,,,,0.22,0.51,0.96,1.85
1005300390,37.0,39.0,,,,0.22,0.51,0.96,1.84
1005300480,37.0,48.0,,,,-0.54,0.29,1.63,2.85
1005300500,37.0,50.0,,,,-0.54,0.29,1.64,2.86
1005300530,37.0,53.0,,,,-0.55,0.28,1.63,2.87
1005300540,37.0,54.0,,,,-0.57,0.26,1.61,2.84
1005301160,37.0,116.0,,,,0.06,0.47,1.06,2.04
1005301170,37.0,117.0,,,,0.06,0.47,1.05,2.04
1005301180,37.0,118.0,,,,0.07,0.48,1.06,2.06
1005301190,37.0,119.0,,,,0.1,0.5,1.08,2.09
1005301200,37.0,120.0,,,,0.12,0.52,1.11,2.12
1005301210,37.0,121.0,,,,0.13,0.54,1.12,2.14
1005301220,37.0,122.0,,,,0.15,0.55,1.14,2.17
1005301270,37.0,127.0,,,,0.15,0.55,1.13,2.17
1005301370,37.0,137.0,,,,0.16,0.6,1.19,2.28
1005301380,37.0,138.0,,,,0.14,0.58,1.18,2.27
1005301400,37.0,140.0,,,,0.14,0.58,1.21,2.3
1005301410,37.0,141.0,,,,0.05,0.46,1.08,2.2
1005302380,37.0,-122.0,,,,0.26,0.5,0.9,2.0
1005302400,37.0,-120.0,,,,0.17,0.4,0.81,1.88
1005302840,37.0,-76.0,,,,0.61,0.88,1.31,2.3
1005303540,37.0,-6.0,,,,0.31,0.6,1.01,1.94
1005303560,37.0,-4.0,,,,0.25,0.5,0.95,1.86
1005400030,36.0,3.0,,,,0.27,0.55,0.98,1.89
1005400050,36.0,5.0,,,,0.26,0.55,0.98,1.88
1005400060,36.0,6.0,,,,0.25,0.54,0.98,1.88
1005400070,36.0,7.0,,,,0.25,0.54,0.97,1.87
1005400360,36.0,36.0,,,,0.24,0.53,0.98,1.88
1005400370,36.0,37.0,,,,0.23,0.52,0.97,1.86
1005400390,36.0,39.0,,,,0.22,0.51,0.96,1.85
1005400500,36.0,50.0,,,,-0.57,0.26,1.6,2.83
1005400510,36.0,51.0,,,,-0.59,0.24,1.59,2.82
1005401170,36.0,117.0,,,,0.08,0.49,1.06,2.06
1005401180,36.0,118.0,,,,0.09,0.49,1.07,2.07
1005401190,36.0,119.0,,,,0.1,0.51,1.09,2.09
1005401200,36.0,120.0,,,,0.12,0.53,1.11,2.12
1005401270,36.0,127.0,,,,0.15,0.55,1.13,2.18
1005401280,36.0,128.0,,,,0.15,0.56,1.13,2.18
1005401290,36.0,129.0,,,,0.16,0.57,1.14,2.2
1005401390,36.0,139.0,,,,0.14,0.58,1.2,2.29
1005401400,36.0,140.0,,,,0.14,0.58,1.21,2.31
1005402410,36.0,-119.0,,,,0.18,0.41,0.82,1.89
1005402800,36.0,-80.0,,,,0.46,0.73,1.15,2.14
1005402810,36.0,-79.0,,,,0.49,0.75,1.16,2.15
1005403540,36.0,-6.0,,,,0.31,0.59,1.0,1.94
1005403550,36.0,-5.0,,,,0.2,0.48,0.89,1.82
1005403590,36.0,-1.0,,,,0.28,0.56,0.98,1.9
1005500030,35.0,3.0,,,,0.26,0.54,0.97,1.88
1005500110,35.0,11.0,,,,0.26,0.55,0.98,1.9
1005500360,35.0,36.0,,,,0.24,0.54,1.0,1.9
1005500370,35.0,37.0,,,,0.23,0.53,0.98,1.88
1005500490,35.0,49.0,,,,-0.56,0.27,1.62,2.84
1005500510,35.0,51.0,,,,-0.59,0.24,1.59,2.82
1005501170,35.0,117.0,,,,0.11,0.51,1.08,2.08
1005501180,35.0,118.0,,,,0.12,0.52,1.09,2.1
1005501190,35.0,119.0,,,,0.12,0.53,1.1,2.11
1005501200,35.0,120.0,,,,0.13,0.54,1.12,2.15
1005501270,35.0,127.0,,,,0.15,0.56,1.14,2.19
1005501290,35.0,129.0,,,,0.16,0.57,1.14,2.21
1005501340,35.0,134.0,,,,0.15,0.59,1.19,2.27
1005501360,35.0,136.0,,,,0.15,0.58,1.19,2.27
1005501370,35.0,137.0,,,,0.12,0.52,1.09,2.19
1005501380,35.0,138.0,,,,0.2,0.63,1.23,2.33
1005502410,35.0,-119.0,,,,0.21,0.45,0.85,1.94
1005502420,35.0,-118.0,,,,0.23,0.47,0.87,1.94
1005502430,35.0,-117.0,,,,0.26,0.49,0.89,1.96
1005502780,35.0,-82.0,,,,0.46,0.75,1.2,2.18
1005502790,35.0,-81.0,,,,0.46,0.73,1.15,2.14
1005502810,35.0,-79.0,,,,0.47,0.73,1.14,2.13
1005503580,35.0,-2.0,,,,0.27,0.56,0.98,1.9
1005600350,34.0,35.0,,,,0.26,0.56,1.02,1.93
1005600360,34.0,36.0,,,,0.24,0.54,1.0,1.9
1005601170,34.0,117.0,,,,0.12,0.53,1.1,2.1
1005601180,34.0,118.0,,,,0.13,0.53,1.1,2.11
1005601190,34.0,119.0,,,,0.13,0.53,1.11,2.12
1005601270,34.0,127.0,,,,0.16,0.57,1.15,2.22
1005601300,34.0,130.0,,,,0.14,0.58,1.18,2.26
1005601320,34.0,132.0,,,,0.2,0.63,1.21,2.29
1005601330,34.0,133.0,,,,0.13,0.57,1.16,2.24
1005601340,34.0,134.0,,,,0.15,0.59,1.19,2.28
1005602410,34.0,-119.0,,,,0.26,0.5,0.9,2.0
1005602420,34.0,-118.0,,,,0.25,0.48,0.89,1.97
1005602430,34.0,-117.0,,,,0.25,0.49,0.89,1.96
1005602440,34.0,-116.0,,,,0.26,0.5,0.9,1.97
1005602790,34.0,-81.0,,,,0.48,0.74,1.16,2.16
1005602810,34.0,-79.0,,,,0.47,0.73,1.14,2.15
1005603520,34.0,-8.0,,,,0.29,0.58,1.0,1.95
1005603530,34.0,-7.0,,,,0.28,0.57,1.0,1.94
1005603540,34.0,-6.0,,,,0.28,0.57,0.99,1.92
1005603550,34.0,-5.0,,,,0.27,0.56,0.98,1.91
1005700130,33.0,13.0,,,,0.25,0.55,0.98,1.9
1005700350,33.0,35.0,,,,0.26,0.56,1.02,1.94
1005700360,33.0,36.0,,,,0.24,0.54,1.0,1.9
1005701170,33.0,117.0,,,,0.12,0.55,1.11,2.11
1005701190,33.0,119.0,,,,0.13,0.53,1.11,2.12
1005701200,33.0,120.0,,,,0.14,0.54,1.12,2.14
1005701300,33.0,130.0,,,,0.18,0.6,1.19,2.27
1005701310,33.0,131.0,,,,0.15,0.59,1.19,2.27
1005701320,33.0,132.0,,,,0.14,0.59,1.19,2.27
1005702430,33.0,-117.0,,,,0.27,0.5,0.91,2.0
1005702450,33.0,-115.0,,,,0.27,0.51,0.91,1.98
1005702780,33.0,-82.0,,,,0.49,0.75,1.17,2.18
1005702800,33.0,-80.0,,,,0.51,0.76,1.18,2.19
1005800150,32.0,15.0,,,,0.27,0.56,1.0,1.91
1005800200,32.0,20.0,,,,0.28,0.57,1.0,1.93
1005800340,32.0,34.0,,,,0.26,0.56,1.02,1.94
1005800350,32.0,35.0,,,,0.25,0.55,1.01,1.92
1005800360,32.0,36.0,,,,0.23,0.53,0.99,1.89
1005800470,32.0,47.0,,,,0.18,0.46,0.95,1.85
1005801180,32.0,118.0,,,,0.14,0.56,1.11,2.12
1005801190,32.0,119.0,,,,0.13,0.54,1.11,2.13
1005801200,32.0,120.0,,,,0.13,0.54,1.11,2.14
1005801210,32.0,121.0,,,,0.14,0.55,1.12,2.16
1005801220,32.0,122.0,,,,0.15,0.56,1.13,2.19
1005801310,32.0,131.0,,,,0.16,0.61,1.21,2.29
1005802430,32.0,-117.0,,,,0.3,0.54,0.95,2.05
1005802660,32.0,-94.0,,,,0.39,0.72,1.21,2.2
1005802700,32.0,-90.0,,,,0.38,0.7,1.16,2.16
1005802740,32.0,-86.0,,,,0.28,0.59,1.06,2.05
1005802790,32.0,-81.0,,,,0.53,0.78,1.19,2.22
1005803510,32.0,-9.0,,,,0.29,0.58,1.01,1.96
1005803520,32.0,-8.0,,,,0.28,0.56,0.99,1.93
1005900300,31.0,30.0,,,,0.32,0.6,1.05,1.97
1005900310,31.0,31.0,,,,0.26,0.56,1.02,1.93
1005900320,31.0,32.0,,,,0.27,0.56,1.02,1.93
1005900350,31.0,35.0,,,,0.24,0.53,0.99,1.9
1005900460,31.0,46.0,,,,0.2,0.48,0.97,1.87
1005900490,31.0,49.0,,,,0.15,0.44,0.92,1.83
1005901180,31.0,118.0,,,,0.14,0.55,1.1,2.11
1005901190,31.0,119.0,,,,0.13,0.53,1.11,2.13
1005901200,31.0,120.0,,,,0.13,0.54,1.11,2.13
1005901210,31.0,121.0,,,,0.14,0.54,1.12,2.15
1005902720,31.0,-88.0,,,,0.39,0.66,1.09,2.11
1006000310,30.0,31.0,,,,0.24,0.54,1.0,1.91
1006000330,30.0,33.0,,,,0.24,0.53,1.0,1.9
1006000480,30.0,48.0,,,,0.18,0.46,0.95,1.87
1006000530,30.0,53.0,,,,0.17,0.45,0.94,1.86
1006001200,30.0,120.0,,,,0.13,0.54,1.11,2.14
1006001210,30.0,121.0,,,,0.14,0.55,1.12,2.16
1006001220,30.0,122.0,,,,0.15,0.56,1.13,2.19
1006002620,30.0,-98.0,,,,0.53,0.85,1.33,2.34
1006002650,30.0,-95.0,,,,0.68,0.94,1.38,2.41
1006002680,30.0,-92.0,,,,0.96,1.22,1.66,2.69
1006002690,30.0,-91.0,,,,1.0,1.26,1.69,2.72
1006002700,30.0,-90.0,,,,0.87,1.12,1.55,2.58
1006002730,30.0,-87.0,,,,0.46,0.71,1.14,2.19
1006002780,30.0,-82.0,,,,0.43,0.69,1.11,2.14
1006003500,30.0,-10.0,,,,0.3,0.58,1.01,1.97
1006100310,29.0,31.0,,,,0.24,0.53,0.99,1.9
1006100480,29.0,48.0,,,,0.2,0.48,0.97,1.89
1006101190,29.0,119.0,,,,0.13,0.54,1.1,2.13
1006101200,29.0,120.0,,,,0.14,0.54,1.11,2.14
1006101210,29.0,121.0,,,,0.14,0.55,1.12,2.16
1006102490,29.0,-111.0,,,,0.37,0.6,1.0,2.07
1006102620,29.0,-98.0,,,,0.59,0.88,1.35,2.37
1006102790,29.0,-81.0,,,,0.43,0.68,1.1,2.15
1006200370,28.0,37.0,,,,0.21,0.49,0.94,1.85
1006200460,28.0,46.0,,,,0.19,0.48,0.97,1.89
1006200680,28.0,68.0,,,,0.04,0.32,0.82,1.77
1006201180,28.0,118.0,,,,0.13,0.54,1.09,2.11
1006201190,28.0,119.0,,,,0.14,0.55,1.11,2.14
1006201200,28.0,120.0,,,,0.14,0.55,1.12,2.16
1006201210,28.0,121.0,,,,0.15,0.56,1.13,2.19
1006202610,28.0,-99.0,,,,0.38,0.68,1.15,2.18
1006202630,28.0,-97.0,,,,0.77,1.01,1.44,2.49
1006202780,28.0,-82.0,,,,0.46,0.72,1.14,2.19
1006202790,28.0,-81.0,,,,0.43,0.68,1.09,2.15
1006203450,28.0,-15.0,,,,0.36,0.65,1.11,2.11
1006300500,27.0,50.0,,,,0.21,0.5,0.99,1.93
1006300560,27.0,56.0,,,,0.2,0.48,0.96,1.9
1006301180,27.0,118.0,,,,0.13,0.54,1.09,2.12
1006301200,27.0,120.0,,,,0.15,0.56,1.12,2.17
1006302500,27.0,-110.0,,,,0.37,0.61,1.01,2.1
1006302600,27.0,-100.0,,,,0.27,0.6,1.09,2.11
1006302770,27.0,-83.0,,,,0.46,0.73,1.17,2.24
1006302780,27.0,-82.0,,,,0.46,0.71,1.13,2.19
1006302800,27.0,-80.0,,,,0.44,0.7,1.12,2.18
1006400500,26.0,50.0,,,,0.21,0.49,0.98,1.92
1006400510,26.0,51.0,,,,0.21,0.5,0.99,1.93
1006401180,26.0,118.0,,,,0.13,0.55,1.09,2.13
1006401190,26.0,119.0,,,,0.14,0.55,1.11,2.15
1006401280,26.0,128.0,,,,0.17,0.63,1.21,2.32
1006402510,26.0,-109.0,,,,0.36,0.6,1.0,2.09
1006402600,26.0,-100.0,,,,0.26,0.59,1.09,2.11
1006402620,26.0,-98.0,,,,0.45,0.7,1.15,2.2
1006402780,26.0,-82.0,,,,0.44,0.7,1.13,2.19
1006402800,26.0,-80.0,,,,0.45,0.71,1.12,2.19
1006500500,25.0,50.0,,,,0.21,0.49,0.98,1.92
1006500510,25.0,51.0,,,,0.21,0.5,0.98,1.93
1006500520,25.0,52.0,,,,0.21,0.5,0.99,1.95
1006500550,25.0,55.0,,,,0.19,0.48,0.96,1.92
1006500670,25.0,67.0,,,,0.2,0.46,0.91,1.9
1006500680,25.0,68.0,,,,0.07,0.36,0.83,1.81
1006501140,25.0,114.0,,,,0.13,0.54,1.07,2.09
1006501170,25.0,117.0,,,,0.13,0.55,1.08,2.12
1006501180,25.0,118.0,,,,0.14,0.55,1.09,2.13
1006501190,25.0,119.0,,,,0.14,0.56,1.11,2.16
1006501210,25.0,121.0,,,,0.16,0.58,1.14,2.21
1006501220,25.0,122.0,,,,0.18,0.6,1.17,2.24
1006502530,25.0,-107.0,,,,0.36,0.6,1.0,2.08
1006600330,24.0,33.0,,,,0.24,0.52,0.96,1.89
1006600380,24.0,38.0,,,,0.24,0.52,0.97,1.91
1006600400,24.0,40.0,,,,0.22,0.49,0.94,1.87
1006600540,24.0,54.0,,,,0.2,0.49,0.97,1.93
1006600560,24.0,56.0,,,,0.19,0.48,0.96,1.92
1006600590,24.0,59.0,,,,0.23,0.51,0.98,1.96
1006600870,24.0,87.0,,,,0.07,0.45,0.98,1.94
1006600880,24.0,88.0,,,,0.08,0.46,1.0,1.96
1006600890,24.0,89.0,,,,0.09,0.47,1.0,1.97
1006600900,24.0,90.0,,,,0.09,0.48,1.01,1.98
1006600910,24.0,91.0,,,,0.1,0.48,1.01,1.98
1006601090,24.0,109.0,,,,0.13,0.54,1.07,2.07
1006601120,24.0,112.0,,,,0.13,0.54,1.07,2.08
1006601130,24.0,113.0,,,,0.13,0.55,1.07,2.09
1006601150,24.0,115.0,,,,0.13,0.55,1.08,2.11
1006601160,24.0,116.0,,,,0.13,0.56,1.09,2.12
1006601170,24.0,117.0,,,,0.14,0.56,1.09,2.13
1006601180,24.0,118.0,,,,0.14,0.56,1.1,2.16
1006601210,24.0,121.0,,,,0.16,0.59,1.14,2.21
1006602550,24.0,-105.0,,,,0.37,0.62,1.01,2.09
1006602610,24.0,-99.0,,,,0.39,0.71,1.2,2.24
1006700700,23.0,70.0,,,,0.04,0.44,1.0,1.96
1006700710,23.0,71.0,,,,0.01,0.41,0.97,1.93
1006700730,23.0,73.0,,,,-0.02,0.38,0.95,1.9
1006700850,23.0,85.0,,,,0.07,0.45,0.98,1.94
1006700860,23.0,86.0,,,,0.08,0.46,0.99,1.96
1006700880,23.0,88.0,,,,0.09,0.47,1.01,1.98
1006700890,23.0,89.0,,,,0.1,0.48,1.02,1.99
1006700900,23.0,90.0,,,,0.1,0.48,1.02,2.0
1006700910,23.0,91.0,,,,0.1,0.49,1.02,2.0
1006701080,23.0,108.0,,,,0.13,0.54,1.06,2.06
1006701100,23.0,110.0,,,,0.13,0.55,1.07,2.09
1006701110,23.0,111.0,,,,0.13,0.54,1.07,2.09
1006701120,23.0,112.0,,,,0.13,0.55,1.07,2.09
1006701130,23.0,113.0,,,,0.13,0.55,1.08,2.11
1006701140,23.0,114.0,,,,0.14,0.56,1.09,2.12
1006701150,23.0,115.0,,,,0.14,0.56,1.09,2.13
1006701160,23.0,116.0,,,,0.15,0.57,1.1,2.15
1006701170,23.0,117.0,,,,0.15,0.57,1.11,2.17
1006701200,23.0,120.0,,,,0.16,0.59,1.13,2.21
1006702540,23.0,-106.0,,,,0.38,0.63,1.03,2.13
1006702570,23.0,-103.0,,,,0.38,0.63,1.04,2.11
1006702780,23.0,-82.0,,,,0.46,0.71,1.11,2.19
1006800390,22.0,39.0,,,,0.23,0.51,0.96,1.91
1006800700,22.0,70.0,,,,0.06,0.46,1.02,2.0
1006800710,22.0,71.0,,,,0.04,0.44,1.0,1.97
1006800720,22.0,72.0,,,,0.01,0.42,0.97,1.94
1006800730,22.0,73.0,,,,0.01,0.41,0.97,1.94
1006800850,22.0,85.0,,,,0.08,0.46,0.99,1.96
1006800870,22.0,87.0,,,,0.09,0.48,1.01,1.99
1006800920,22.0,92.0,,,,0.11,0.5,1.04,2.03
1006801080,22.0,108.0,,,,0.14,0.55,1.07,2.08
1006801090,22.0,109.0,,,,0.14,0.55,1.08,2.09
1006801110,22.0,111.0,,,,0.13,0.55,1.08,2.1
1006801120,22.0,112.0,,,,0.14,0.56,1.08,2.12
1006801130,22.0,113.0,,,,0.14,0.56,1.09,2.13
1006801140,22.0,114.0,,,,0.15,0.57,1.11,2.15
1006802550,22.0,-105.0,,,,0.41,0.66,1.06,2.15
1006802620,22.0,-98.0,,,,0.53,0.79,1.24,2.31
1006900400,21.0,40.0,,,,0.23,0.5,0.95,1.9
1006900730,21.0,73.0,,,,0.04,0.45,1.0,1.98
1006900750,21.0,75.0,,,,0.05,0.46,1.02,1.98
1006901060,21.0,106.0,,,,0.14,0.55,1.07,2.07
1006901070,21.0,107.0,,,,0.14,0.55,1.08,2.09
1006901090,21.0,109.0,,,,0.15,0.56,1.09,2.12
1006901100,21.0,110.0,,,,0.14,0.56,1.09,2.12
1006901110,21.0,111.0,,,,0.14,0.56,1.09,2.14
1006902020,21.0,-158.0,,,,0.39,0.66,1.13,2.37
1006902550,21.0,-105.0,,,,0.43,0.68,1.09,2.19
1006902570,21.0,-103.0,,,,0.44,0.7,1.1,2.18
1006902600,21.0,-100.0,,,,0.32,0.65,1.15,2.2
1006902630,21.0,-97.0,,,,0.5,0.76,1.21,2.3
1006902700,21.0,-90.0,,,,0.55,0.81,1.25,2.34
1006902730,21.0,-87.0,,,,0.46,0.79,1.25,2.33
1006902820,21.0,-78.0,,,,0.27,0.56,0.96,2.03
1007000370,20.0,37.0,,,,0.25,0.53,0.98,1.93
1007000740,20.0,74.0,,,,0.06,0.46,1.02,2.0
1007000750,20.0,75.0,,,,0.05,0.46,1.02,1.99
1007000860,20.0,86.0,,,,0.11,0.5,1.04,2.04
1007000960,20.0,96.0,,,,0.12,0.5,1.04,2.03
1007001100,20.0,110.0,,,,0.15,0.56,1.1,2.13
1007001110,20.0,111.0,,,,0.15,0.57,1.1,2.15
1007002590,20.0,-101.0,,,,0.48,0.75,1.17,2.25
1007002610,20.0,-99.0,,,,0.32,0.64,1.13,2.19
1007002630,20.0,-97.0,,,,0.4,0.68,1.14,2.21
1007002840,20.0,-76.0,,,,0.35,0.61,1.02,2.1
1007100730,19.0,73.0,,,,0.09,0.49,1.05,2.05
1007100740,19.0,74.0,,,,0.07,0.47,1.03,2.01
1007100750,19.0,75.0,,,,0.06,0.47,1.02,2.0
1007100850,19.0,85.0,,,,0.12,0.51,1.05,2.06
1007101100,19.0,110.0,,,,0.15,0.57,1.1,2.14
1007102560,19.0,-104.0,,,,0.51,0.76,1.17,2.28
1007102580,19.0,-102.0,,,,0.53,0.79,1.19,2.29
1007102600,19.0,-100.0,,,,0.53,0.78,1.19,2.27
1007102610,19.0,-99.0,,,,0.52,0.79,1.2,2.28
1007102620,19.0,-98.0,,,,0.29,0.61,1.08,2.15
1007102630,19.0,-97.0,,,,0.32,0.61,1.07,2.14
1007102640,19.0,-96.0,,,,0.34,0.61,1.06,2.15
1007102880,19.0,-72.0,,,,0.27,0.63,1.1,2.15
1007102890,19.0,-71.0,,,,0.26,0.62,1.09,2.14
1007200430,18.0,43.0,,,,0.23,0.5,0.95,1.92
1007200790,18.0,79.0,,,,0.08,0.45,0.99,1.97
1007200800,18.0,80.0,,,,0.07,0.46,1.01,2.0
1007200830,18.0,83.0,,,,0.1,0.49,1.04,2.04
1007200990,18.0,99.0,,,,0.12,0.51,1.04,2.04
1007201100,18.0,110.0,,,,0.16,0.58,1.11,2.17
1007202630,18.0,-97.0,,,,0.25,0.56,1.0,2.07
1007202650,18.0,-95.0,,,,0.35,0.61,1.05,2.13
1007202660,18.0,-94.0,,,,0.4,0.66,1.11,2.19
1007202670,18.0,-93.0,,,,0.44,0.72,1.17,2.24
1007202830,18.0,-77.0,,,,0.28,0.62,1.09,2.16
1007202900,18.0,-70.0,,,,0.26,0.62,1.08,2.14
1007202930,18.0,-67.0,,,,0.37,0.62,1.02,2.11
1007202940,18.0,-66.0,,,,0.37,0.63,1.03,2.12
1007203440,18.0,-16.0,,,,0.3,0.57,0.99,2.01
1007300440,17.0,44.0,,,,0.23,0.51,0.95,1.92
1007300540,17.0,54.0,,,,0.26,0.54,1.0,2.01
1007300740,17.0,74.0,,,,0.1,0.5,1.06,2.06
1007300750,17.0,75.0,,,,0.08,0.49,1.04,2.04
1007300800,17.0,80.0,,,,0.07,0.46,1.02,2.01
1007300810,17.0,81.0,,,,0.08,0.47,1.03,2.03
1007300820,17.0,82.0,,,,0.1,0.49,1.05,2.05
1007300960,17.0,96.0,,,,0.13,0.52,1.05,2.07
1007301040,17.0,104.0,,,,0.13,0.55,1.06,2.08
1007302600,17.0,-100.0,,,,0.6,0.86,1.27,2.37
1007302630,17.0,-97.0,,,,0.51,0.77,1.18,2.27
1007302670,17.0,-93.0,,,,0.37,0.67,1.13,2.19
1007400750,16.0,75.0,,,,0.08,0.49,1.04,2.05
1007400780,16.0,78.0,,,,0.07,0.47,0.99,1.99
1007400800,16.0,80.0,,,,0.09,0.48,1.04,2.04
1007401040,16.0,104.0,,,,0.14,0.55,1.07,2.08
1007401080,16.0,108.0,,,,0.15,0.56,1.09,2.13
1007401210,16.0,121.0,,,,0.77,1.06,1.48,2.59
1007402720,16.0,-88.0,,,,0.69,0.97,1.41,2.49
1007500390,15.0,39.0,,,,0.25,0.53,0.98,1.94
1007500430,15.0,43.0,,,,0.24,0.52,0.97,1.95
1007500440,15.0,44.0,,,,0.24,0.51,0.96,1.94
1007500490,15.0,49.0,,,,0.26,0.54,0.99,1.99
1007500750,15.0,75.0,,,,0.09,0.5,1.06,2.07
1007500780,15.0,78.0,,,,0.08,0.47,1.02,2.03
1007501010,15.0,101.0,,,,0.13,0.54,1.06,2.08
1007501020,15.0,102.0,,,,0.13,0.54,1.06,2.08
1007501030,15.0,103.0,,,,0.13,0.54,1.07,2.09
1007501200,15.0,120.0,,,,0.81,1.1,1.51,2.64
1007501210,15.0,121.0,,,,0.84,1.13,1.54,2.66
1007502690,15.0,-91.0,,,,0.32,0.57,0.98,2.07
1007503430,15.0,-17.0,,,,0.3,0.58,1.0,2.04
1007600440,14.0,44.0,,,,0.24,0.52,0.97,1.95
1007600760,14.0,76.0,,,,0.09,0.5,1.05,2.06
1007600790,14.0,79.0,,,,0.1,0.49,1.05,2.06
1007600800,14.0,80.0,,,,0.11,0.51,1.07,2.09
1007601000,14.0,100.0,,,,0.14,0.53,1.06,2.09
1007601010,14.0,101.0,,,,0.13,0.54,1.07,2.09
1007601210,14.0,121.0,,,,0.8,1.08,1.5,2.63
1007601220,14.0,122.0,,,,0.74,1.03,1.44,2.57
1007602710,14.0,-89.0,,,,0.34,0.58,0.98,2.07
1007602730,14.0,-87.0,,,,0.33,0.58,0.98,2.06
1007700390,13.0,39.0,,,,0.25,0.53,0.98,1.95
1007700450,13.0,45.0,,,,0.28,0.54,0.97,1.97
1007700750,13.0,75.0,,,,0.12,0.53,1.09,2.11
1007700770,13.0,77.0,,,,0.09,0.5,1.05,2.07
1007700780,13.0,78.0,,,,0.09,0.48,1.04,2.05
1007700790,13.0,79.0,,,,0.1,0.5,1.06,2.08
1007700800,13.0,80.0,,,,0.12,0.52,1.08,2.11
1007701010,13.0,101.0,,,,0.14,0.55,1.08,2.12
1007701020,13.0,102.0,,,,0.14,0.55,1.08,2.11
1007703430,13.0,-17.0,,,,0.31,0.59,1.01,2.06
1007800430,12.0,43.0,,,,0.26,0.54,0.99,1.98
1007800750,12.0,75.0,,,,0.13,0.54,1.1,2.14
1007800770,12.0,77.0,,,,0.1,0.51,1.07,2.09
1007800780,12.0,78.0,,,,0.1,0.5,1.05,2.08
1007800800,12.0,80.0,,,,0.13,0.53,1.09,2.13
1007801050,12.0,105.0,,,,0.14,0.54,1.07,2.11
1007801090,12.0,109.0,,,,0.15,0.56,1.09,2.15
1007802740,12.0,-86.0,,,,0.33,0.58,0.99,2.08
1007803440,12.0,-16.0,,,,0.3,0.58,1.0,2.04
1007900760,11.0,76.0,,,,0.13,0.54,1.1,2.14
1007900770,11.0,77.0,,,,0.12,0.52,1.08,2.11
1007900780,11.0,78.0,,,,0.11,0.51,1.06,2.1
1007900790,11.0,79.0,,,,0.11,0.51,1.06,2.1
1007901070,11.0,107.0,,,,0.14,0.55,1.07,2.12
1007901230,11.0,123.0,,,,0.34,0.63,1.05,2.19
1007902850,11.0,-75.0,,,,0.55,0.81,1.23,2.31
1007902860,11.0,-74.0,,,,0.5,0.77,1.19,2.26
1007902880,11.0,-72.0,,,,0.39,0.67,1.1,2.16
1007902980,11.0,-62.0,,,,0.26,0.62,1.11,2.16
1008000420,10.0,42.0,,,,0.26,0.54,0.99,1.98
1008000440,10.0,44.0,,,,0.27,0.55,1.0,2.0
1008000450,10.0,45.0,,,,0.27,0.55,1.0,2.0
1008000760,10.0,76.0,,,,0.14,0.55,1.11,2.16
1008000770,10.0,77.0,,,,0.13,0.54,1.09,2.14
1008000780,10.0,78.0,,,,0.12,0.53,1.08,2.12
1008001050,10.0,105.0,,,,0.15,0.55,1.09,2.14
1008001060,10.0,106.0,,,,0.14,0.55,1.08,2.13
1008001070,10.0,107.0,,,,0.15,0.56,1.09,2.16
1008001240,10.0,124.0,,,,0.28,0.57,0.99,2.12
1008002760,10.0,-84.0,,,,0.38,0.63,1.04,2.13
1008002840,10.0,-76.0,,,,0.54,0.81,1.23,2.31
1008002870,10.0,-73.0,,,,0.43,0.71,1.13,2.18
1008002890,10.0,-71.0,,,,0.35,0.63,1.06,2.11
1008002910,10.0,-69.0,,,,0.33,0.61,1.03,2.08
1008002920,10.0,-68.0,,,,0.33,0.61,1.03,2.07
1008002930,10.0,-67.0,,,,0.25,0.61,1.09,2.12
1008002950,10.0,-65.0,,,,0.25,0.61,1.09,2.12
1008002960,10.0,-64.0,,,,0.24,0.61,1.09,2.11
1008002970,10.0,-63.0,,,,0.24,0.6,1.09,2.12
1008003460,10.0,-14.0,,,,0.3,0.58,0.99,2.03
1008100030,9.0,3.0,,,,0.29,0.58,1.02,2.0
1008100770,9.0,77.0,,,,0.14,0.55,1.11,2.16
1008100780,9.0,78.0,,,,0.13,0.54,1.1,2.15
1008100990,9.0,99.0,,,,0.16,0.56,1.09,2.15
1008101260,9.0,126.0,,,,0.3,0.6,1.01,2.14
1008102800,9.0,-80.0,,,,0.38,0.64,1.05,2.14
1008102840,9.0,-76.0,,,,0.48,0.76,1.18,2.24
1008102890,9.0,-71.0,,,,0.35,0.63,1.06,2.1
1008102900,9.0,-70.0,,,,0.34,0.62,1.04,2.08
1008200040,8.0,4.0,,,,0.29,0.57,1.01,2.0
1008200050,8.0,5.0,,,,0.29,0.57,1.01,2.0
1008200060,8.0,6.0,,,,0.29,0.57,1.02,2.0
1008200980,8.0,98.0,,,,0.17,0.56,1.1,2.18
1008201240,8.0,124.0,,,,0.28,0.57,0.99,2.12
1008201250,8.0,125.0,,,,0.3,0.58,1.0,2.13
1008202960,8.0,-64.0,,,,0.23,0.59,1.08,2.09
1008202970,8.0,-63.0,,,,0.24,0.6,1.08,2.09
1008203470,8.0,-13.0,,,,0.31,0.6,1.02,2.07
1008203550,8.0,-5.0,,,,0.29,0.57,0.99,2.0
1008300030,7.0,3.0,,,,0.3,0.58,1.02,2.03
1008300040,7.0,4.0,,,,0.3,0.58,1.02,2.02
1008300050,7.0,5.0,,,,0.29,0.58,1.02,2.01
1008300090,7.0,9.0,,,,0.28,0.57,1.02,2.0
1008300800,7.0,80.0,,,,0.16,0.57,1.13,2.2
1008301010,7.0,101.0,,,,0.16,0.57,1.1,2.17
1008301220,7.0,122.0,,,,0.26,0.55,0.98,2.11
1008301240,7.0,124.0,,,,0.29,0.57,1.0,2.13
1008301260,7.0,126.0,,,,0.34,0.61,1.03,2.17
1008303580,7.0,-2.0,,,,0.29,0.57,1.0,2.01
1008400000,6.0,0.0,,,,0.31,0.59,1.02,2.05
1008400010,6.0,1.0,,,,0.31,0.6,1.04,2.06
1008400020,6.0,2.0,,,,0.31,0.6,1.05,2.08
1008400030,6.0,3.0,,,,0.32,0.6,1.05,2.08
1008400060,6.0,6.0,,,,0.3,0.58,1.03,2.03
1008400070,6.0,7.0,,,,0.29,0.58,1.03,2.02
1008400080,6.0,8.0,,,,0.29,0.57,1.02,2.02
1008400100,6.0,10.0,,,,0.29,0.57,1.02,2.0
1008401000,6.0,100.0,,,,0.15,0.55,1.09,2.16
1008401020,6.0,102.0,,,,0.16,0.56,1.1,2.17
1008401160,6.0,116.0,,,,0.31,0.57,0.98,2.1
1008401180,6.0,118.0,,,,0.28,0.55,0.96,2.09
1008401250,6.0,125.0,,,,0.33,0.6,1.03,2.16
1008402840,6.0,-76.0,,,,0.3,0.55,0.96,2.01
1008403490,6.0,-11.0,,,,0.32,0.61,1.03,2.09
1008500070,5.0,7.0,,,,0.3,0.59,1.04,2.05
1008500080,5.0,8.0,,,,0.3,0.59,1.04,2.04
1008500100,5.0,10.0,,,,0.29,0.58,1.03,2.02
1008501010,5.0,101.0,,,,0.15,0.55,1.08,2.14
1008501030,5.0,103.0,,,,0.16,0.57,1.1,2.17
1008502840,5.0,-76.0,,,,0.28,0.53,0.94,1.98
1008503560,5.0,-4.0,,,,0.31,0.6,1.03,2.08
1008503580,5.0,-2.0,,,,0.37,0.64,1.07,2.11
1008600100,4.0,10.0,,,,0.3,0.58,1.03,2.03
1008600120,4.0,12.0,,,,0.29,0.58,1.02,2.01
1008600990,4.0,99.0,,,,0.15,0.55,1.08,2.16
1008601030,4.0,103.0,,,,0.16,0.56,1.1,2.16
1008602830,4.0,-77.0,,,,0.28,0.51,0.92,1.97
1008602850,4.0,-75.0,,,,0.28,0.51,0.92,1.96
1008701020,3.0,102.0,,,,0.15,0.55,1.09,2.15
1008702830,3.0,-77.0,,,,0.26,0.5,0.91,1.96
1008702850,3.0,-75.0,,,,0.27,0.51,0.91,1.95
1008800100,2.0,10.0,,,,0.3,0.59,1.05,2.06
1008800450,2.0,45.0,,,,0.29,0.58,1.03,2.08
1008801100,2.0,110.0,,,,0.29,0.57,0.99,2.11
1008901010,1.0,101.0,,,,0.14,0.54,1.08,2.14
1008901040,1.0,104.0,,,,0.16,0.57,1.11,2.19
1008901250,1.0,125.0,,,,0.31,0.59,1.03,2.16
1008902830,1.0,-77.0,,,,0.24,0.49,0.9,1.94
1009000090,0.0,9.0,,,,0.32,0.61,1.08,2.12
1009000430,0.0,43.0,,,,0.3,0.59,1.04,2.08
1009001090,0.0,109.0,,,,0.29,0.56,0.99,2.11
1009001170,0.0,117.0,,,,0.28,0.55,0.98,2.08
1009002810,0.0,-79.0,,,,0.24,0.49,0.9,1.95
1009003090,0.0,-51.0,,,,0.3,0.58,0.98,2.01
1009101000,-1.0,100.0,,,,0.16,0.56,1.1,2.19
1009101170,-1.0,117.0,,,,0.29,0.56,0.99,2.09
1009103120,-1.0,-48.0,,,,0.31,0.57,0.97,2.02
1009201040,-2.0,104.0,,,,0.15,0.56,1.09,2.17
1009202800,-2.0,-80.0,,,,0.24,0.48,0.89,1.96
1009301050,-3.0,105.0,,,,0.16,0.56,1.09,2.17
1009301150,-3.0,115.0,,,,0.28,0.56,0.99,2.09
1009301410,-3.0,141.0,,,,0.27,0.54,0.98,2.09
1009302810,-3.0,-79.0,,,,0.23,0.49,0.9,1.95
1009303160,-3.0,-44.0,,,,0.3,0.58,0.99,2.04
1009400400,-4.0,40.0,,,,0.32,0.6,1.04,2.1
1009401020,-4.0,102.0,,,,0.17,0.57,1.11,2.21
1009401280,-4.0,128.0,,,,0.31,0.59,1.04,2.16
1009403210,-4.0,-39.0,,,,0.31,0.59,1.0,2.06
1009500120,-5.0,12.0,,,,0.31,0.6,1.09,2.13
1009501050,-5.0,105.0,,,,0.15,0.55,1.1,2.18
1009501190,-5.0,119.0,,,,0.31,0.58,1.02,2.14
1009502790,-5.0,-81.0,,,,0.27,0.52,0.94,2.01
1009503170,-5.0,-43.0,,,,0.3,0.58,0.99,2.03
1009600120,-6.0,12.0,,,,0.31,0.62,1.1,2.15
1009600130,-6.0,13.0,,,,0.3,0.6,1.08,2.11
1009600390,-6.0,39.0,,,,0.3,0.58,1.01,2.07
1009601070,-6.0,107.0,,,,0.17,0.57,1.11,2.2
1009603250,-6.0,-35.0,,,,0.31,0.58,0.99,2.09
1009700150,-7.0,15.0,,,,0.29,0.58,1.06,2.08
1009700380,-7.0,38.0,,,,0.29,0.57,1.01,2.05
1009700390,-7.0,39.0,,,,0.3,0.58,1.03,2.08
1009701070,-7.0,107.0,,,,0.17,0.57,1.12,2.2
1009701080,-7.0,108.0,,,,0.17,0.57,1.12,2.2
1009701090,-7.0,109.0,,,,0.17,0.57,1.12,2.21
1009701100,-7.0,110.0,,,,0.18,0.58,1.12,2.21
1009701130,-7.0,113.0,,,,0.3,0.58,1.02,2.13
1009702800,-7.0,-80.0,,,,0.27,0.53,0.96,2.03
1009703240,-7.0,-36.0,,,,0.29,0.56,0.96,2.03
1009703250,-7.0,-35.0,,,,0.3,0.57,0.97,2.06
1009801100,-8.0,110.0,,,,0.18,0.58,1.13,2.22
1009801110,-8.0,111.0,,,,0.29,0.57,1.02,2.12
1009801130,-8.0,113.0,,,,0.3,0.57,1.02,2.12
1009802810,-8.0,-79.0,,,,0.26,0.52,0.95,2.0
1009803240,-8.0,-36.0,,,,0.29,0.55,0.95,2.02
1009803250,-8.0,-35.0,,,,0.3,0.56,0.96,2.05
1009900130,-9.0,13.0,,,,0.32,0.62,1.1,2.16
1009901150,-9.0,115.0,,,,0.31,0.59,1.03,2.16
1009901160,-9.0,116.0,,,,0.32,0.59,1.04,2.16
1009901470,-9.0,147.0,,,,0.24,0.51,0.98,2.09
1009902810,-9.0,-79.0,,,,0.26,0.53,0.96,2.02
1010000160,-10.0,16.0,,,,0.29,0.59,1.06,2.08
1010003240,-10.0,-36.0,,,,0.3,0.57,0.97,2.05
1010103230,-11.0,-37.0,,,,0.3,0.57,0.98,2.05
1010200140,-12.0,14.0,,,,0.3,0.6,1.08,2.13
1010202830,-12.0,-77.0,,,,0.23,0.47,0.87,1.92
1010202850,-12.0,-75.0,,,,0.21,0.46,0.87,1.88
1010203210,-12.0,-39.0,,,,0.31,0.56,0.96,2.01
1010300130,-13.0,13.0,,,,0.31,0.61,1.09,2.15
1010300160,-13.0,16.0,,,,0.3,0.59,1.05,2.08
1010303210,-13.0,-39.0,,,,0.32,0.57,0.97,2.03
1010402880,-14.0,-72.0,,,,0.23,0.48,0.86,1.86
1010500130,-15.0,13.0,,,,0.3,0.6,1.07,2.12
1010500390,-15.0,39.0,,,,0.29,0.57,1.0,2.06
1010503190,-15.0,-41.0,,,,0.28,0.55,0.95,1.99
1010600350,-16.0,35.0,,,,0.29,0.57,0.99,2.03
1010602880,-16.0,-72.0,,,,0.22,0.45,0.84,1.86
1010800370,-18.0,37.0,,,,0.31,0.59,1.02,2.09
1010800490,-18.0,49.0,,,,0.27,0.55,0.96,2.07
1010802900,-18.0,-70.0,,,,0.18,0.4,0.78,1.8
1010900330,-19.0,33.0,,,,0.28,0.57,0.99,2.04
1010900480,-19.0,48.0,,,,0.26,0.54,0.95,2.05
1011000350,-20.0,35.0,,,,0.3,0.59,1.02,2.09
1011000470,-20.0,47.0,,,,0.25,0.53,0.95,2.03
1011003200,-20.0,-40.0,,,,0.28,0.56,0.97,2.03
1011203170,-22.0,-43.0,,,,0.3,0.55,0.96,2.0
1011203190,-22.0,-41.0,,,,0.29,0.56,0.98,2.04
1011300170,-23.0,17.0,,,,0.3,0.59,1.02,2.07
1011303120,-23.0,-48.0,,,,0.36,0.62,1.03,2.04
1011303130,-23.0,-47.0,,,,0.36,0.62,1.03,2.04
1011303140,-23.0,-46.0,,,,0.34,0.61,1.02,2.04
1011303160,-23.0,-44.0,,,,0.32,0.58,0.98,2.03
1011303170,-23.0,-43.0,,,,0.32,0.57,0.98,2.03
1011402900,-24.0,-70.0,,,,0.15,0.37,0.73,1.75
1011403130,-24.0,-47.0,,,,0.4,0.66,1.06,2.09
1011403140,-24.0,-46.0,,,,0.38,0.64,1.05,2.09
1011503100,-25.0,-50.0,,,,0.35,0.62,1.02,2.02
1011503110,-25.0,-49.0,,,,0.4,0.66,1.06,2.07
1011600320,-26.0,32.0,,,,0.29,0.57,1.0,2.06
1011600330,-26.0,33.0,,,,0.3,0.59,1.02,2.1
1011603110,-26.0,-49.0,,,,0.39,0.65,1.05,2.06
1011701530,-27.0,153.0,,,,0.29,0.53,0.96,2.0
1011703110,-27.0,-49.0,,,,0.35,0.61,1.02,2.03
1011801530,-28.0,153.0,,,,0.3,0.54,0.96,2.0
1011803110,-28.0,-49.0,,,,0.33,0.59,0.99,2.01
1011903090,-29.0,-51.0,,,,0.26,0.54,0.94,1.94
1012000300,-30.0,30.0,,,,0.28,0.57,0.99,2.06
1012000310,-30.0,31.0,,,,0.29,0.55,0.96,2.05
1012002890,-30.0,-71.0,,,,0.24,0.48,0.85,1.83
1012003090,-30.0,-51.0,,,,0.26,0.53,0.94,1.93
1012201160,-32.0,116.0,,,,0.34,0.57,0.96,2.0
1012202910,-32.0,-69.0,,,,0.16,0.39,0.76,1.71
1012203080,-32.0,-52.0,,,,0.25,0.52,0.93,1.92
1012300280,-33.0,28.0,,,,0.3,0.59,1.02,2.09
1012301510,-33.0,151.0,,,,0.29,0.55,1.0,1.99
1012301520,-33.0,152.0,,,,0.32,0.58,1.02,2.04
1012302880,-33.0,-72.0,,,,0.12,0.33,0.68,1.67
1012302890,-33.0,-71.0,,,,0.11,0.32,0.67,1.64
1012302910,-33.0,-69.0,,,,0.14,0.37,0.73,1.68
1012400180,-34.0,18.0,,,,0.32,0.6,1.02,2.11
1012400260,-34.0,26.0,,,,0.31,0.6,1.03,2.1
1012401510,-34.0,151.0,,,,0.27,0.52,0.96,1.97
1012501390,-35.0,139.0,,,,0.36,0.58,0.93,1.92
1012501490,-35.0,149.0,,,,0.23,0.5,0.95,1.93
1012503020,-35.0,-58.0,,,,0.28,0.51,0.89,1.85
1012503040,-35.0,-56.0,,,,0.25,0.48,0.86,1.85
1012701750,-37.0,175.0,,,,0.32,0.57,1.01,2.03
1012702870,-37.0,-73.0,,,,0.2,0.41,0.74,1.68
1012801450,-38.0,145.0,,,,0.26,0.49,0.85,1.82
1012803020,-38.0,-58.0,,,,0.25,0.47,0.85,1.81
1012902870,-39.0,-73.0,,,,0.18,0.39,0.72,1.64
1012902980,-39.0,-62.0,,,,0.23,0.47,0.84,1.76
1013101750,-41.0,175.0,,,,0.37,0.63,1.07,2.05
1013401730,-44.0,173.0,,,,0.36,0.62,1.06,2.01
